"Havaintoasema","Vuosi","Kuukausi","Päivä","Aika [Paikallinen aika]","Kuukauden sadesumma [mm]","Kuukauden keskilämpötila [°C]"
"Vantaa Helsinki-Vantaan lentoasema","1991","2","1","02:00","16.5","-6.3"
"Vantaa Helsinki-Vantaan lentoasema","1991","3","1","02:00","29.4","-0.6"
"Vantaa Helsinki-Vantaan lentoasema","1991","4","1","03:00","23.2","3.7"
"Vantaa Helsinki-Vantaan lentoasema","1991","5","1","03:00","30.9","8"
"Vantaa Helsinki-Vantaan lentoasema","1991","6","1","03:00","71.5","12.8"
"Vantaa Helsinki-Vantaan lentoasema","1991","7","1","03:00","20","17.7"
"Vantaa Helsinki-Vantaan lentoasema","1991","8","1","03:00","90.2","16.7"
"Vantaa Helsinki-Vantaan lentoasema","1991","9","1","03:00","59.2","9.9"
"Vantaa Helsinki-Vantaan lentoasema","1991","10","1","02:00","51.8","5.9"
"Vantaa Helsinki-Vantaan lentoasema","1991","11","1","02:00","111.5","3.2"
"Vantaa Helsinki-Vantaan lentoasema","1991","12","1","02:00","49","-1.2"
"Vantaa Helsinki-Vantaan lentoasema","1992","1","1","02:00","49.9","-1.6"
"Vantaa Helsinki-Vantaan lentoasema","1992","2","1","02:00","48.6","-2"
"Vantaa Helsinki-Vantaan lentoasema","1992","3","1","02:00","63.2","0.9"
"Vantaa Helsinki-Vantaan lentoasema","1992","4","1","03:00","56","2"
"Vantaa Helsinki-Vantaan lentoasema","1992","5","1","03:00","18.3","11.4"
"Vantaa Helsinki-Vantaan lentoasema","1992","6","1","03:00","28.7","15.9"
"Vantaa Helsinki-Vantaan lentoasema","1992","7","1","03:00","42.9","16.7"
"Vantaa Helsinki-Vantaan lentoasema","1992","8","1","03:00","147.6","14.9"
"Vantaa Helsinki-Vantaan lentoasema","1992","9","1","03:00","77","12"
"Vantaa Helsinki-Vantaan lentoasema","1992","10","1","02:00","122.4","0.7"
"Vantaa Helsinki-Vantaan lentoasema","1992","11","1","02:00","84","-1.2"
"Vantaa Helsinki-Vantaan lentoasema","1992","12","1","02:00","35.4","0.5"
"Vantaa Helsinki-Vantaan lentoasema","1993","1","1","02:00","71.9","-1.8"
"Vantaa Helsinki-Vantaan lentoasema","1993","2","1","02:00","19.2","-2.6"
"Vantaa Helsinki-Vantaan lentoasema","1993","3","1","02:00","31.4","-0.7"
"Vantaa Helsinki-Vantaan lentoasema","1993","4","1","03:00","17.7","3.7"
"Vantaa Helsinki-Vantaan lentoasema","1993","5","1","03:00","17.5","13.3"
"Vantaa Helsinki-Vantaan lentoasema","1993","6","1","03:00","45.6","12.2"
"Vantaa Helsinki-Vantaan lentoasema","1993","7","1","03:00","112.9","16"
"Vantaa Helsinki-Vantaan lentoasema","1993","8","1","03:00","123.2","13.6"
"Vantaa Helsinki-Vantaan lentoasema","1993","9","1","03:00","12.8","6.5"
"Vantaa Helsinki-Vantaan lentoasema","1993","10","1","02:00","58.9","3.7"
"Vantaa Helsinki-Vantaan lentoasema","1993","11","1","02:00","5","-3"
"Vantaa Helsinki-Vantaan lentoasema","1993","12","1","02:00","83.8","-3"
"Vantaa Helsinki-Vantaan lentoasema","1994","1","1","02:00","65.1","-4"
"Vantaa Helsinki-Vantaan lentoasema","1994","2","1","02:00","2.7","-13"
"Vantaa Helsinki-Vantaan lentoasema","1994","3","1","02:00","61.7","-2.6"
"Vantaa Helsinki-Vantaan lentoasema","1994","4","1","03:00","71.5","5.3"
"Vantaa Helsinki-Vantaan lentoasema","1994","5","1","03:00","61.6","8.4"
"Vantaa Helsinki-Vantaan lentoasema","1994","6","1","03:00","61.5","12.9"
"Vantaa Helsinki-Vantaan lentoasema","1994","7","1","03:00","6","19.9"
"Vantaa Helsinki-Vantaan lentoasema","1994","8","1","03:00","79.2","15.6"
"Vantaa Helsinki-Vantaan lentoasema","1994","9","1","03:00","148.2","11.1"
"Vantaa Helsinki-Vantaan lentoasema","1994","10","1","02:00","68","4.9"
"Vantaa Helsinki-Vantaan lentoasema","1994","11","1","02:00","27.4","-0.5"
"Vantaa Helsinki-Vantaan lentoasema","1994","12","1","02:00","84","-0.5"
"Vantaa Helsinki-Vantaan lentoasema","1995","1","1","02:00","53.1","-3.1"
"Vantaa Helsinki-Vantaan lentoasema","1995","2","1","02:00","72.7","-0.5"
"Vantaa Helsinki-Vantaan lentoasema","1995","3","1","02:00","53","0.2"
"Vantaa Helsinki-Vantaan lentoasema","1995","4","1","03:00","29.4","3.4"
"Vantaa Helsinki-Vantaan lentoasema","1995","5","1","03:00","61.3","9.1"
"Vantaa Helsinki-Vantaan lentoasema","1995","6","1","03:00","19.4","17.6"
"Vantaa Helsinki-Vantaan lentoasema","1995","7","1","03:00","37.6","16.1"
"Vantaa Helsinki-Vantaan lentoasema","1995","8","1","03:00","55.3","16.1"
"Vantaa Helsinki-Vantaan lentoasema","1995","9","1","03:00","91.4","11"
"Vantaa Helsinki-Vantaan lentoasema","1995","10","1","02:00","60.8","8"
"Vantaa Helsinki-Vantaan lentoasema","1995","11","1","02:00","62.3","-2.2"
"Vantaa Helsinki-Vantaan lentoasema","1995","12","1","02:00","18.7","-8"
"Vantaa Helsinki-Vantaan lentoasema","1996","1","1","02:00","8.2","-6"
"Vantaa Helsinki-Vantaan lentoasema","1996","2","1","02:00","26.7","-10.2"
"Vantaa Helsinki-Vantaan lentoasema","1996","3","1","02:00","24.5","-3.2"
"Vantaa Helsinki-Vantaan lentoasema","1996","4","1","03:00","30.5","3.3"
"Vantaa Helsinki-Vantaan lentoasema","1996","5","1","03:00","85.7","9.3"
"Vantaa Helsinki-Vantaan lentoasema","1996","6","1","03:00","51.5","13.5"
"Vantaa Helsinki-Vantaan lentoasema","1996","7","1","03:00","151","14.7"
"Vantaa Helsinki-Vantaan lentoasema","1996","8","1","03:00","8.7","17.6"
"Vantaa Helsinki-Vantaan lentoasema","1996","9","1","03:00","43.5","8.8"
"Vantaa Helsinki-Vantaan lentoasema","1996","10","1","03:00","76.5","6.8"
"Vantaa Helsinki-Vantaan lentoasema","1996","11","1","02:00","215.8","3.4"
"Vantaa Helsinki-Vantaan lentoasema","1996","12","1","02:00","38.5","-5.1"
"Vantaa Helsinki-Vantaan lentoasema","1997","1","1","02:00","43.4","-4.1"
"Vantaa Helsinki-Vantaan lentoasema","1997","2","1","02:00","66.1","-3.3"
"Vantaa Helsinki-Vantaan lentoasema","1997","3","1","02:00","25.7","-0.7"
"Vantaa Helsinki-Vantaan lentoasema","1997","4","1","03:00","31.9","2"
"Vantaa Helsinki-Vantaan lentoasema","1997","5","1","03:00","25.7","8.4"
"Vantaa Helsinki-Vantaan lentoasema","1997","6","1","03:00","54.7","16.5"
"Vantaa Helsinki-Vantaan lentoasema","1997","7","1","03:00","51.8","18.7"
"Vantaa Helsinki-Vantaan lentoasema","1997","8","1","03:00","60","18.5"
"Vantaa Helsinki-Vantaan lentoasema","1997","9","1","03:00","64.1","10.5"
"Vantaa Helsinki-Vantaan lentoasema","1997","10","1","03:00","56.8","3"
"Vantaa Helsinki-Vantaan lentoasema","1997","11","1","02:00","54.9","0.2"
"Vantaa Helsinki-Vantaan lentoasema","1997","12","1","02:00","28.3","-3.3"
"Vantaa Helsinki-Vantaan lentoasema","1998","1","1","02:00","65.1","-1.7"
"Vantaa Helsinki-Vantaan lentoasema","1998","2","1","02:00","29.7","-4.5"
"Vantaa Helsinki-Vantaan lentoasema","1998","3","1","02:00","21.5","-4.2"
"Vantaa Helsinki-Vantaan lentoasema","1998","4","1","03:00","23.8","2.9"
"Vantaa Helsinki-Vantaan lentoasema","1998","5","1","03:00","49.7","10.4"
"Vantaa Helsinki-Vantaan lentoasema","1998","6","1","03:00","117","14.4"
"Vantaa Helsinki-Vantaan lentoasema","1998","7","1","03:00","124.6","16.2"
"Vantaa Helsinki-Vantaan lentoasema","1998","8","1","03:00","107.2","13.6"
"Vantaa Helsinki-Vantaan lentoasema","1998","9","1","03:00","48.8","11.5"
"Vantaa Helsinki-Vantaan lentoasema","1998","10","1","03:00","135.2","5.8"
"Vantaa Helsinki-Vantaan lentoasema","1998","11","1","02:00","32.7","-3.4"
"Vantaa Helsinki-Vantaan lentoasema","1998","12","1","02:00","50.5","-2.2"
"Vantaa Helsinki-Vantaan lentoasema","1999","1","1","02:00","49.3","-5.9"
"Vantaa Helsinki-Vantaan lentoasema","1999","2","1","02:00","62.8","-7.2"
"Vantaa Helsinki-Vantaan lentoasema","1999","3","1","02:00","25.5","-1.4"
"Vantaa Helsinki-Vantaan lentoasema","1999","4","1","03:00","54.8","5.7"
"Vantaa Helsinki-Vantaan lentoasema","1999","5","1","03:00","11.2","8"
"Vantaa Helsinki-Vantaan lentoasema","1999","6","1","03:00","24.5","18.4"
"Vantaa Helsinki-Vantaan lentoasema","1999","7","1","03:00","24.8","19.1"
"Vantaa Helsinki-Vantaan lentoasema","1999","8","1","03:00","65.9","15.4"
"Vantaa Helsinki-Vantaan lentoasema","1999","9","1","03:00","39.6","12.8"
"Vantaa Helsinki-Vantaan lentoasema","1999","10","1","03:00","97.9","6.7"
"Vantaa Helsinki-Vantaan lentoasema","1999","11","1","02:00","37.1","2.5"
"Vantaa Helsinki-Vantaan lentoasema","1999","12","1","02:00","109.1","-2.3"
"Vantaa Helsinki-Vantaan lentoasema","2000","1","1","02:00","40.1","-2.9"
"Vantaa Helsinki-Vantaan lentoasema","2000","2","1","02:00","52.2","-2.6"
"Vantaa Helsinki-Vantaan lentoasema","2000","3","1","02:00","37.6","-0.8"
"Vantaa Helsinki-Vantaan lentoasema","2000","4","1","03:00","44.2","6.4"
"Vantaa Helsinki-Vantaan lentoasema","2000","5","1","03:00","26.4","10.8"
"Vantaa Helsinki-Vantaan lentoasema","2000","6","1","03:00","71.8","14.4"
"Vantaa Helsinki-Vantaan lentoasema","2000","7","1","03:00","65.6","16.9"
"Vantaa Helsinki-Vantaan lentoasema","2000","8","1","03:00","52.4","15.4"
"Vantaa Helsinki-Vantaan lentoasema","2000","9","1","03:00","12.1","9.7"
"Vantaa Helsinki-Vantaan lentoasema","2000","10","1","03:00","93.9","8.8"
"Vantaa Helsinki-Vantaan lentoasema","2000","11","1","02:00","132.5","4.6"
"Vantaa Helsinki-Vantaan lentoasema","2000","12","1","02:00","81.2","1.3"
"Vantaa Helsinki-Vantaan lentoasema","2001","1","1","02:00","50.1","-1.9"
"Vantaa Helsinki-Vantaan lentoasema","2001","2","1","02:00","48.7","-7.7"
"Vantaa Helsinki-Vantaan lentoasema","2001","3","1","02:00","23.9","-3.4"
"Vantaa Helsinki-Vantaan lentoasema","2001","4","1","03:00","53.7","5.7"
"Vantaa Helsinki-Vantaan lentoasema","2001","5","1","03:00","17.6","9.9"
"Vantaa Helsinki-Vantaan lentoasema","2001","6","1","03:00","111.7","14.3"
"Vantaa Helsinki-Vantaan lentoasema","2001","7","1","03:00","56.1","20.5"
"Vantaa Helsinki-Vantaan lentoasema","2001","8","1","03:00","69.5","16.4"
"Vantaa Helsinki-Vantaan lentoasema","2001","9","1","03:00","99.1","12.1"
"Vantaa Helsinki-Vantaan lentoasema","2001","10","1","03:00","75.7","8"
"Vantaa Helsinki-Vantaan lentoasema","2001","11","1","02:00","56.1","-0.1"
"Vantaa Helsinki-Vantaan lentoasema","2001","12","1","02:00","22.9","-7.1"
"Vantaa Helsinki-Vantaan lentoasema","2002","1","1","02:00","68.8","-3.6"
"Vantaa Helsinki-Vantaan lentoasema","2002","2","1","02:00","52.2","-0.9"
"Vantaa Helsinki-Vantaan lentoasema","2002","3","1","02:00","38.1","0.3"
"Vantaa Helsinki-Vantaan lentoasema","2002","4","1","03:00","7.5","5.7"
"Vantaa Helsinki-Vantaan lentoasema","2002","5","1","03:00","25.5","12"
"Vantaa Helsinki-Vantaan lentoasema","2002","6","1","03:00","67.7","16.4"
"Vantaa Helsinki-Vantaan lentoasema","2002","7","1","03:00","56.6","19.3"
"Vantaa Helsinki-Vantaan lentoasema","2002","8","1","03:00","17.6","19.3"
"Vantaa Helsinki-Vantaan lentoasema","2002","9","1","03:00","21.5","11.2"
"Vantaa Helsinki-Vantaan lentoasema","2002","10","1","03:00","36.6","0.6"
"Vantaa Helsinki-Vantaan lentoasema","2002","11","1","02:00","42.8","-2.8"
"Vantaa Helsinki-Vantaan lentoasema","2002","12","1","02:00","11.1","-8.1"
"Vantaa Helsinki-Vantaan lentoasema","2003","1","1","02:00","41.7","-9.7"
"Vantaa Helsinki-Vantaan lentoasema","2003","2","1","02:00","6.9","-5.7"
"Vantaa Helsinki-Vantaan lentoasema","2003","3","1","02:00","10.3","-1.4"
"Vantaa Helsinki-Vantaan lentoasema","2003","4","1","03:00","31.4","2.6"
"Vantaa Helsinki-Vantaan lentoasema","2003","5","1","03:00","60.8","10"
"Vantaa Helsinki-Vantaan lentoasema","2003","6","1","03:00","50.9","13.3"
"Vantaa Helsinki-Vantaan lentoasema","2003","7","1","03:00","25","20.5"
"Vantaa Helsinki-Vantaan lentoasema","2003","8","1","03:00","67.8","16.1"
"Vantaa Helsinki-Vantaan lentoasema","2003","9","1","03:00","22","11.6"
"Vantaa Helsinki-Vantaan lentoasema","2003","10","1","03:00","72.9","3.5"
"Vantaa Helsinki-Vantaan lentoasema","2003","11","1","02:00","45.5","2.8"
"Vantaa Helsinki-Vantaan lentoasema","2003","12","1","02:00","70.4","-1.1"
"Vantaa Helsinki-Vantaan lentoasema","2004","1","1","02:00","37.5","-7.1"
"Vantaa Helsinki-Vantaan lentoasema","2004","2","1","02:00","40.5","-5"
"Vantaa Helsinki-Vantaan lentoasema","2004","3","1","02:00","45.8","-1.4"
"Vantaa Helsinki-Vantaan lentoasema","2004","4","1","03:00","6.3","4.6"
"Vantaa Helsinki-Vantaan lentoasema","2004","5","1","03:00","37.1","10.3"
"Vantaa Helsinki-Vantaan lentoasema","2004","6","1","03:00","103.5","13.1"
"Vantaa Helsinki-Vantaan lentoasema","2004","7","1","03:00","200.7","16.5"
"Vantaa Helsinki-Vantaan lentoasema","2004","8","1","03:00","77.5","16.7"
"Vantaa Helsinki-Vantaan lentoasema","2004","9","1","03:00","93","12.2"
"Vantaa Helsinki-Vantaan lentoasema","2004","10","1","03:00","59.1","5.6"
"Vantaa Helsinki-Vantaan lentoasema","2004","11","1","02:00","63.4","-0.5"
"Vantaa Helsinki-Vantaan lentoasema","2004","12","1","02:00","76.1","-0.5"
"Vantaa Helsinki-Vantaan lentoasema","2005","1","1","02:00","104.7","-1.2"
"Vantaa Helsinki-Vantaan lentoasema","2005","2","1","02:00","18.4","-5.7"
"Vantaa Helsinki-Vantaan lentoasema","2005","3","1","02:00","6.7","-6.3"
"Vantaa Helsinki-Vantaan lentoasema","2005","4","1","03:00","12.4","4.4"
"Vantaa Helsinki-Vantaan lentoasema","2005","5","1","03:00","60.7","10.3"
"Vantaa Helsinki-Vantaan lentoasema","2005","6","1","03:00","78.2","14.2"
"Vantaa Helsinki-Vantaan lentoasema","2005","7","1","03:00","36.4","19.2"
"Vantaa Helsinki-Vantaan lentoasema","2005","8","1","03:00","161.4","16.2"
"Vantaa Helsinki-Vantaan lentoasema","2005","9","1","03:00","24.7","12.4"
"Vantaa Helsinki-Vantaan lentoasema","2005","10","1","03:00","34.3","7"
"Vantaa Helsinki-Vantaan lentoasema","2005","11","1","02:00","81.9","3.5"
"Vantaa Helsinki-Vantaan lentoasema","2005","12","1","02:00","36.3","-3.7"
"Vantaa Helsinki-Vantaan lentoasema","2006","1","1","02:00","17.7","-4.9"
"Vantaa Helsinki-Vantaan lentoasema","2006","2","1","02:00","16.9","-9.2"
"Vantaa Helsinki-Vantaan lentoasema","2006","3","1","02:00","31.4","-6.6"
"Vantaa Helsinki-Vantaan lentoasema","2006","4","1","03:00","33.9","3.8"
"Vantaa Helsinki-Vantaan lentoasema","2006","5","1","03:00","42.2","10.7"
"Vantaa Helsinki-Vantaan lentoasema","2006","6","1","03:00","28","16.3"
"Vantaa Helsinki-Vantaan lentoasema","2006","7","1","03:00","4.2","19.1"
"Vantaa Helsinki-Vantaan lentoasema","2006","8","1","03:00","38","18.4"
"Vantaa Helsinki-Vantaan lentoasema","2006","9","1","03:00","24.3","13.7"
"Vantaa Helsinki-Vantaan lentoasema","2006","10","1","03:00","193","7.5"
"Vantaa Helsinki-Vantaan lentoasema","2006","11","1","02:00","68.3","1.5"
"Vantaa Helsinki-Vantaan lentoasema","2006","12","1","02:00","59.7","3"
"Vantaa Helsinki-Vantaan lentoasema","2007","1","1","02:00","99.5","-2.5"
"Vantaa Helsinki-Vantaan lentoasema","2007","2","1","02:00","14.6","-9.6"
"Vantaa Helsinki-Vantaan lentoasema","2007","3","1","02:00","31.4","2.9"
"Vantaa Helsinki-Vantaan lentoasema","2007","4","1","03:00","47.4","5.3"
"Vantaa Helsinki-Vantaan lentoasema","2007","5","1","03:00","43.3","11"
"Vantaa Helsinki-Vantaan lentoasema","2007","6","1","03:00","44.5","15.8"
"Vantaa Helsinki-Vantaan lentoasema","2007","7","1","03:00","60.6","17.4"
"Vantaa Helsinki-Vantaan lentoasema","2007","8","1","03:00","64.3","17.4"
"Vantaa Helsinki-Vantaan lentoasema","2007","9","1","03:00","103.6","11"
"Vantaa Helsinki-Vantaan lentoasema","2007","10","1","03:00","73.7","6.4"
"Vantaa Helsinki-Vantaan lentoasema","2007","11","1","02:00","84","0"
"Vantaa Helsinki-Vantaan lentoasema","2007","12","1","02:00","92.5","1.5"
"Vantaa Helsinki-Vantaan lentoasema","2008","1","1","02:00","85.3","-0.4"
"Vantaa Helsinki-Vantaan lentoasema","2008","2","1","02:00","60","0.2"
"Vantaa Helsinki-Vantaan lentoasema","2008","3","1","02:00","45.8","-0.6"
"Vantaa Helsinki-Vantaan lentoasema","2008","4","1","03:00","41.5","6.3"
"Vantaa Helsinki-Vantaan lentoasema","2008","5","1","03:00","12.8","11.1"
"Vantaa Helsinki-Vantaan lentoasema","2008","6","1","03:00","124.4","14.5"
"Vantaa Helsinki-Vantaan lentoasema","2008","7","1","03:00","23.6","17.3"
"Vantaa Helsinki-Vantaan lentoasema","2008","8","1","03:00","81.5","14.8"
"Vantaa Helsinki-Vantaan lentoasema","2008","9","1","03:00","47.7","9.8"
"Vantaa Helsinki-Vantaan lentoasema","2008","10","1","03:00","165.8","8.3"
"Vantaa Helsinki-Vantaan lentoasema","2008","11","1","02:00","104.7","2.5"
"Vantaa Helsinki-Vantaan lentoasema","2008","12","1","02:00","54.2","0.4"
"Vantaa Helsinki-Vantaan lentoasema","2009","1","1","02:00","30","-4.1"
"Vantaa Helsinki-Vantaan lentoasema","2009","2","1","02:00","15.1","-5"
"Vantaa Helsinki-Vantaan lentoasema","2009","3","1","02:00","22.2","-1.8"
"Vantaa Helsinki-Vantaan lentoasema","2009","4","1","03:00","8.7","4.5"
"Vantaa Helsinki-Vantaan lentoasema","2009","5","1","03:00","29.6","11.6"
"Vantaa Helsinki-Vantaan lentoasema","2009","6","1","03:00","76.9","14.2"
"Vantaa Helsinki-Vantaan lentoasema","2009","7","1","03:00","101.5","17.2"
"Vantaa Helsinki-Vantaan lentoasema","2009","8","1","03:00","60","16.3"
"Vantaa Helsinki-Vantaan lentoasema","2009","9","1","03:00","34.8","12.9"
"Vantaa Helsinki-Vantaan lentoasema","2009","10","1","03:00","103.6","3.3"
"Vantaa Helsinki-Vantaan lentoasema","2009","11","1","02:00","75.4","2.5"
"Vantaa Helsinki-Vantaan lentoasema","2009","12","1","02:00","47.4","-5.3"
"Vantaa Helsinki-Vantaan lentoasema","2010","1","1","02:00","21.7","-12.4"
"Vantaa Helsinki-Vantaan lentoasema","2010","2","1","02:00","49.1","-9.1"
"Vantaa Helsinki-Vantaan lentoasema","2010","3","1","02:00","50.9","-2.7"
"Vantaa Helsinki-Vantaan lentoasema","2010","4","1","03:00","51.9","4.7"
"Vantaa Helsinki-Vantaan lentoasema","2010","5","1","03:00","81.4","11.9"
"Vantaa Helsinki-Vantaan lentoasema","2010","6","1","03:00","31.3","15.1"
"Vantaa Helsinki-Vantaan lentoasema","2010","7","1","03:00","14.9","22.4"
"Vantaa Helsinki-Vantaan lentoasema","2010","8","1","03:00","69.6","17.7"
"Vantaa Helsinki-Vantaan lentoasema","2010","9","1","03:00","54.3","11.5"
"Vantaa Helsinki-Vantaan lentoasema","2010","10","1","03:00","26.9","5.1"
"Vantaa Helsinki-Vantaan lentoasema","2010","11","1","02:00","62.8","-1.7"
"Vantaa Helsinki-Vantaan lentoasema","2010","12","1","02:00","44.4","-8.9"
"Vantaa Helsinki-Vantaan lentoasema","2011","1","1","02:00","49.3","-5.4"
"Vantaa Helsinki-Vantaan lentoasema","2011","2","1","02:00","22","-11.3"
"Vantaa Helsinki-Vantaan lentoasema","2011","3","1","02:00","15.6","-1.8"
"Vantaa Helsinki-Vantaan lentoasema","2011","4","1","03:00","23.3","6"
"Vantaa Helsinki-Vantaan lentoasema","2011","5","1","03:00","26.3","10.8"
"Vantaa Helsinki-Vantaan lentoasema","2011","6","1","03:00","41.2","17.4"
"Vantaa Helsinki-Vantaan lentoasema","2011","7","1","03:00","54.9","20.9"
"Vantaa Helsinki-Vantaan lentoasema","2011","8","1","03:00","85.9","16.9"
"Vantaa Helsinki-Vantaan lentoasema","2011","9","1","03:00","81.3","12.9"
"Vantaa Helsinki-Vantaan lentoasema","2011","10","1","03:00","85.9","7.6"
"Vantaa Helsinki-Vantaan lentoasema","2011","11","1","02:00","27.1","4.2"
"Vantaa Helsinki-Vantaan lentoasema","2011","12","1","02:00","167.2","2.1"
"Vantaa Helsinki-Vantaan lentoasema","2012","1","1","02:00","84.1","-5"
"Vantaa Helsinki-Vantaan lentoasema","2012","2","1","02:00","52.2","-8.1"
"Vantaa Helsinki-Vantaan lentoasema","2012","3","1","02:00","37","-0.3"
"Vantaa Helsinki-Vantaan lentoasema","2012","4","1","03:00","58","3.8"
"Vantaa Helsinki-Vantaan lentoasema","2012","5","1","03:00","48.6","11.3"
"Vantaa Helsinki-Vantaan lentoasema","2012","6","1","03:00","99.6","13.9"
"Vantaa Helsinki-Vantaan lentoasema","2012","7","1","03:00","67","18"
"Vantaa Helsinki-Vantaan lentoasema","2012","8","1","03:00","70.5","15.5"
"Vantaa Helsinki-Vantaan lentoasema","2012","9","1","03:00","149.6","11.7"
"Vantaa Helsinki-Vantaan lentoasema","2012","10","1","03:00","85","5.7"
"Vantaa Helsinki-Vantaan lentoasema","2012","11","1","02:00","63.4","3.2"
"Vantaa Helsinki-Vantaan lentoasema","2012","12","1","02:00","63","-6.7"
"Vantaa Helsinki-Vantaan lentoasema","2013","1","1","02:00","36","-5.9"
"Vantaa Helsinki-Vantaan lentoasema","2013","2","1","02:00","33","-2.8"
"Vantaa Helsinki-Vantaan lentoasema","2013","3","1","02:00","6","-6.6"
"Vantaa Helsinki-Vantaan lentoasema","2013","4","1","03:00","34.4","2.7"
"Vantaa Helsinki-Vantaan lentoasema","2013","5","1","03:00","20.1","13.5"
"Vantaa Helsinki-Vantaan lentoasema","2013","6","1","03:00","32.1","18.1"
"Vantaa Helsinki-Vantaan lentoasema","2013","7","1","03:00","21.8","18.3"
"Vantaa Helsinki-Vantaan lentoasema","2013","8","1","03:00","90.9","17.3"
"Vantaa Helsinki-Vantaan lentoasema","2013","9","1","03:00","32.3","11.9"
"Vantaa Helsinki-Vantaan lentoasema","2013","10","1","03:00","76.5","6.6"
"Vantaa Helsinki-Vantaan lentoasema","2013","11","1","02:00","98.3","3.5"
"Vantaa Helsinki-Vantaan lentoasema","2013","12","1","02:00","55.3","1.3"
"Vantaa Helsinki-Vantaan lentoasema","2014","1","1","02:00","38.5","-7.4"
"Vantaa Helsinki-Vantaan lentoasema","2014","2","1","02:00","28.4","-0.4"
"Vantaa Helsinki-Vantaan lentoasema","2014","3","1","02:00","27.3","1.5"
"Vantaa Helsinki-Vantaan lentoasema","2014","4","1","03:00","12.8","5.7"
"Vantaa Helsinki-Vantaan lentoasema","2014","5","1","03:00","64.5","10.9"
"Vantaa Helsinki-Vantaan lentoasema","2014","6","1","03:00","62.8","13.6"
"Vantaa Helsinki-Vantaan lentoasema","2014","7","1","03:00","42","20.4"
"Vantaa Helsinki-Vantaan lentoasema","2014","8","1","03:00","118.7","17.4"
"Vantaa Helsinki-Vantaan lentoasema","2014","9","1","03:00","52.3","12.3"
"Vantaa Helsinki-Vantaan lentoasema","2014","10","1","03:00","33.7","5.8"
"Vantaa Helsinki-Vantaan lentoasema","2014","11","1","02:00","37.2","2.2"
"Vantaa Helsinki-Vantaan lentoasema","2014","12","1","02:00","84.9","-1.3"
"Vantaa Helsinki-Vantaan lentoasema","2015","1","1","02:00","56","-2"
"Vantaa Helsinki-Vantaan lentoasema","2015","2","1","02:00","44.3","-0.1"
"Vantaa Helsinki-Vantaan lentoasema","2015","3","1","02:00","60","1.8"
"Vantaa Helsinki-Vantaan lentoasema","2015","4","1","03:00","55.9","5.1"
"Vantaa Helsinki-Vantaan lentoasema","2015","5","1","03:00","41","9.7"
"Vantaa Helsinki-Vantaan lentoasema","2015","6","1","03:00","67.3","13.7"
"Vantaa Helsinki-Vantaan lentoasema","2015","7","1","03:00","80.7","16.3"
"Vantaa Helsinki-Vantaan lentoasema","2015","8","1","03:00","36.1","17.3"
"Vantaa Helsinki-Vantaan lentoasema","2015","9","1","03:00","48.6","12.7"
"Vantaa Helsinki-Vantaan lentoasema","2015","10","1","03:00","21.3","5.4"
"Vantaa Helsinki-Vantaan lentoasema","2015","11","1","02:00","64.4","4.6"
"Vantaa Helsinki-Vantaan lentoasema","2015","12","1","02:00","54.9","2.1"
"Vantaa Helsinki-Vantaan lentoasema","2016","1","1","02:00","46.3","-10.3"
"Vantaa Helsinki-Vantaan lentoasema","2016","2","1","02:00","93.2","-0.6"
"Vantaa Helsinki-Vantaan lentoasema","2016","3","1","02:00","11.2","0"
"Vantaa Helsinki-Vantaan lentoasema","2016","4","1","03:00","79.1","4.9"
"Vantaa Helsinki-Vantaan lentoasema","2016","5","1","03:00","18.3","14.3"
"Vantaa Helsinki-Vantaan lentoasema","2016","6","1","03:00","116.8","15.7"
"Vantaa Helsinki-Vantaan lentoasema","2016","7","1","03:00","117.5","17.7"
"Vantaa Helsinki-Vantaan lentoasema","2016","8","1","03:00","101.6","16"
"Vantaa Helsinki-Vantaan lentoasema","2016","9","1","03:00","54.5","12.7"
"Vantaa Helsinki-Vantaan lentoasema","2016","10","1","03:00","19","4.6"
"Vantaa Helsinki-Vantaan lentoasema","2016","11","1","02:00","67.6","-1"
"Vantaa Helsinki-Vantaan lentoasema","2016","12","1","02:00","17.5","-0.9"
"Vantaa Helsinki-Vantaan lentoasema","2017","1","1","02:00","33.9","-2.9"
"Vantaa Helsinki-Vantaan lentoasema","2017","2","1","02:00","31","-3.3"
"Vantaa Helsinki-Vantaan lentoasema","2017","3","1","02:00","33.6","0.7"
"Vantaa Helsinki-Vantaan lentoasema","2017","4","1","03:00","41.4","2.3"
"Vantaa Helsinki-Vantaan lentoasema","2017","5","1","03:00","9.9","9.9"
"Vantaa Helsinki-Vantaan lentoasema","2017","6","1","03:00","98.4","13.8"
"Vantaa Helsinki-Vantaan lentoasema","2017","7","1","03:00","33.2","16.1"
"Vantaa Helsinki-Vantaan lentoasema","2017","8","1","03:00","71","15.9"
"Vantaa Helsinki-Vantaan lentoasema","2017","9","1","03:00","65.1","11.4"
"Vantaa Helsinki-Vantaan lentoasema","2017","10","1","03:00","169.3","5"
"Vantaa Helsinki-Vantaan lentoasema","2017","11","1","02:00","107.6","2.7"
"Vantaa Helsinki-Vantaan lentoasema","2017","12","1","02:00","111.1","0.7"
"Vantaa Helsinki-Vantaan lentoasema","2018","1","1","02:00","58.2","-2.2"
"Vantaa Helsinki-Vantaan lentoasema","2018","2","1","02:00","22","-8.4"
"Vantaa Helsinki-Vantaan lentoasema","2018","3","1","02:00","19.6","-4.7"
"Vantaa Helsinki-Vantaan lentoasema","2018","4","1","03:00","40.8","5"
"Vantaa Helsinki-Vantaan lentoasema","2018","5","1","03:00","9.5","15.3"
"Vantaa Helsinki-Vantaan lentoasema","2018","6","1","03:00","36.6","15.8"
"Vantaa Helsinki-Vantaan lentoasema","2018","7","1","03:00","74.6","21.2"
"Vantaa Helsinki-Vantaan lentoasema","2018","8","1","03:00","63.4","18.2"
"Vantaa Helsinki-Vantaan lentoasema","2018","9","1","03:00","56.3","13.3"
"Vantaa Helsinki-Vantaan lentoasema","2018","10","1","03:00","47.4","6.7"
"Vantaa Helsinki-Vantaan lentoasema","2018","11","1","02:00","24.8","2.8"
"Vantaa Helsinki-Vantaan lentoasema","2018","12","1","02:00","49.3","-2"
"Vantaa Helsinki-Vantaan lentoasema","2019","1","1","02:00","60.2","-6.2"
"Vantaa Helsinki-Vantaan lentoasema","2019","2","1","02:00","57.6","-0.5"
"Vantaa Helsinki-Vantaan lentoasema","2019","3","1","02:00","60.9","-0.3"
"Vantaa Helsinki-Vantaan lentoasema","2019","4","1","03:00","6.1","6.8"
"Vantaa Helsinki-Vantaan lentoasema","2019","5","1","03:00","64.4","10.6"
"Vantaa Helsinki-Vantaan lentoasema","2019","6","1","03:00","15.9","17.9"
"Vantaa Helsinki-Vantaan lentoasema","2019","7","1","03:00","66.9","17.5"
"Vantaa Helsinki-Vantaan lentoasema","2019","8","1","03:00","105.5","16.8"
"Vantaa Helsinki-Vantaan lentoasema","2019","9","1","03:00","100.9","11.3"
"Vantaa Helsinki-Vantaan lentoasema","2019","10","1","03:00","94.2","5.2"
"Vantaa Helsinki-Vantaan lentoasema","2019","11","1","02:00","84.1","1.8"
"Vantaa Helsinki-Vantaan lentoasema","2019","12","1","02:00","93","1.4"
"Vantaa Helsinki-Vantaan lentoasema","2020","1","1","02:00","60.9","1.9"
"Vantaa Helsinki-Vantaan lentoasema","2020","2","1","02:00","114.9","0.5"
"Vantaa Helsinki-Vantaan lentoasema","2020","3","1","02:00","58.1","1.7"
"Vantaa Helsinki-Vantaan lentoasema","2020","4","1","03:00","37.1","4.5"
"Vantaa Helsinki-Vantaan lentoasema","2020","5","1","03:00","61.4","9.5"
"Vantaa Helsinki-Vantaan lentoasema","2020","6","1","03:00","77.4","18.4"
"Vantaa Helsinki-Vantaan lentoasema","2020","7","1","03:00","143.5","16.5"
"Vantaa Helsinki-Vantaan lentoasema","2020","8","1","03:00","86.3","16.8"
"Vantaa Helsinki-Vantaan lentoasema","2020","9","1","03:00","82.1","13"
"Vantaa Helsinki-Vantaan lentoasema","2020","10","1","03:00","76.3","8.2"
"Vantaa Helsinki-Vantaan lentoasema","2020","11","1","02:00","80.3","4.4"
"Vantaa Helsinki-Vantaan lentoasema","2020","12","1","02:00","60.9","0.9"
"Vantaa Helsinki-Vantaan lentoasema","2021","1","1","02:00","77.1","-4.7"
"Vantaa Helsinki-Vantaan lentoasema","2021","2","1","02:00","22.2","-8.1"
"Vantaa Helsinki-Vantaan lentoasema","2021","3","1","02:00","33.5","-0.9"
"Vantaa Helsinki-Vantaan lentoasema","2021","4","1","03:00","52.1","4.5"
"Vantaa Helsinki-Vantaan lentoasema","2021","5","1","03:00","92.2","10.4"
"Vantaa Helsinki-Vantaan lentoasema","2021","6","1","03:00","25.5","19.2"
"Vantaa Helsinki-Vantaan lentoasema","2021","7","1","03:00","37.9","20.9"
"Vantaa Helsinki-Vantaan lentoasema","2021","8","1","03:00","165.6","15.4"
"Vantaa Helsinki-Vantaan lentoasema","2021","9","1","03:00","50.3","9.5"
"Vantaa Helsinki-Vantaan lentoasema","2021","10","1","03:00","87","8"
"Vantaa Helsinki-Vantaan lentoasema","2021","11","1","02:00","52.7","1.5"
"Vantaa Helsinki-Vantaan lentoasema","2021","12","1","02:00","30.4","-6.7"
"Vantaa Helsinki-Vantaan lentoasema","2022","1","1","02:00","80.5","-3.3"
"Vantaa Helsinki-Vantaan lentoasema","2022","2","1","02:00","106.2","-2.2"
"Vantaa Helsinki-Vantaan lentoasema","2022","3","1","02:00","10.3","-0.2"
"Vantaa Helsinki-Vantaan lentoasema","2022","4","1","03:00","48.3","3.3"
"Vantaa Helsinki-Vantaan lentoasema","2022","5","1","03:00","77.4","9.6"
"Vantaa Helsinki-Vantaan lentoasema","2022","6","1","03:00","42.3","16.9"
"Vantaa Helsinki-Vantaan lentoasema","2022","7","1","03:00","34.1","18.1"
"Vantaa Helsinki-Vantaan lentoasema","2022","8","1","03:00","5.9","18.9"
"Vantaa Helsinki-Vantaan lentoasema","2022","9","1","03:00","59.9","9.2"
"Vantaa Helsinki-Vantaan lentoasema","2022","10","1","03:00","44.8","7.6"
"Vantaa Helsinki-Vantaan lentoasema","2022","11","1","02:00","46.5","2.3"
"Vantaa Helsinki-Vantaan lentoasema","2022","12","1","02:00","82.5","-3.4"
"Vantaa Helsinki-Vantaan lentoasema","2023","1","1","02:00","98.3","-1.6"
"Vantaa Helsinki-Vantaan lentoasema","2023","2","1","02:00","41.3","-2.4"
"Vantaa Helsinki-Vantaan lentoasema","2023","3","1","02:00","74.9","-1.7"
"Vantaa Helsinki-Vantaan lentoasema","2023","4","1","03:00","12.7","5.6"
"Vantaa Helsinki-Vantaan lentoasema","2023","5","1","03:00","24.4","10.7"
"Vantaa Helsinki-Vantaan lentoasema","2023","6","1","03:00","5.6","16.4"
"Vantaa Helsinki-Vantaan lentoasema","2023","7","1","03:00","69.7","16.6"
"Vantaa Helsinki-Vantaan lentoasema","2023","8","1","03:00","190.4","17.2"
"Vantaa Helsinki-Vantaan lentoasema","2023","9","1","03:00","61.6","14.9"
"Vantaa Helsinki-Vantaan lentoasema","2023","10","1","03:00","123.9","4.4"
"Vantaa Helsinki-Vantaan lentoasema","2023","11","1","02:00","61.2","-0.4"
"Vantaa Helsinki-Vantaan lentoasema","2023","12","1","02:00","53.9","-4.8"
"Vantaa Helsinki-Vantaan lentoasema","2024","1","1","02:00","52.2","-8.4"
"Vantaa Helsinki-Vantaan lentoasema","2024","2","1","02:00","68.7","-3.5"
"Vantaa Helsinki-Vantaan lentoasema","2024","3","1","02:00","28.7","0.5"
"Vantaa Helsinki-Vantaan lentoasema","2024","4","1","03:00","83.5","3.5"
"Vantaa Helsinki-Vantaan lentoasema","2024","5","1","03:00","3","13.9"
"Vantaa Helsinki-Vantaan lentoasema","2024","6","1","03:00","32.7","17.3"
"Vantaa Helsinki-Vantaan lentoasema","2024","7","1","03:00","53.1","18.9"
"Vantaa Helsinki-Vantaan lentoasema","2024","8","1","03:00","57.2","17.5"
"Vantaa Helsinki-Vantaan lentoasema","2024","9","1","03:00","130.9","14.4"
"Vantaa Helsinki-Vantaan lentoasema","2024","10","1","03:00","68.4","7.7"
"Vantaa Helsinki-Vantaan lentoasema","2024","11","1","02:00","117.2","2.5"
"Vantaa Helsinki-Vantaan lentoasema","2024","12","1","02:00","88.2","-0.2"
"Vantaa Helsinki-Vantaan lentoasema","2025","1","1","02:00","71.6","-0.9"
"Vantaa Helsinki-Vantaan lentoasema","2025","2","1","02:00","13.6","-2.9"
"Havaintoasema","Vuosi","Kuukausi","Päivä","Aika [Paikallinen aika]","Kuukauden sadesumma [mm]","Kuukauden keskilämpötila [°C]"
"Kokkola Öja Märaskär","1991","2","1","02:00","15.1","-8.9"
"Kokkola Öja Märaskär","1991","3","1","02:00","32.3","-3"
"Kokkola Öja Märaskär","1991","4","1","03:00","17.1","2.4"
"Kokkola Öja Märaskär","1991","5","1","03:00","48","5.2"
"Kokkola Öja Märaskär","1991","6","1","03:00","61.1","11.3"
"Kokkola Öja Märaskär","1991","7","1","03:00","17.7","16"
"Kokkola Öja Märaskär","1991","8","1","03:00","34.7","16"
"Kokkola Öja Märaskär","1991","9","1","03:00","92.3","9"
"Kokkola Öja Märaskär","1991","10","1","02:00","56.7","5.4"
"Kokkola Öja Märaskär","1991","11","1","02:00","54.5","2.2"
"Kokkola Öja Märaskär","1991","12","1","02:00","34.5","-0.8"
"Kokkola Öja Märaskär","1992","1","1","02:00","41.1","-1.9"
"Kokkola Öja Märaskär","1992","2","1","02:00","19.1","-1.9"
"Kokkola Öja Märaskär","1992","3","1","02:00","46.1","0.1"
"Kokkola Öja Märaskär","1992","4","1","03:00","21.4","-0.4"
"Kokkola Öja Märaskär","1992","5","1","03:00","26.2","9.1"
"Kokkola Öja Märaskär","1992","6","1","03:00","15.4","14.2"
"Kokkola Öja Märaskär","1992","7","1","03:00","80","14.3"
"Kokkola Öja Märaskär","1992","8","1","03:00","115.1","12.9"
"Kokkola Öja Märaskär","1992","9","1","03:00","89.8","10.4"
"Kokkola Öja Märaskär","1992","10","1","02:00","52.1","-0.9"
"Kokkola Öja Märaskär","1992","11","1","02:00","60.3","-3.4"
"Kokkola Öja Märaskär","1992","12","1","02:00","39.7","0.1"
"Kokkola Öja Märaskär","1993","1","1","02:00","35.3","-2.9"
"Kokkola Öja Märaskär","1993","2","1","02:00","12.1","-3.8"
"Kokkola Öja Märaskär","1993","3","1","02:00","20.7","-1.9"
"Kokkola Öja Märaskär","1993","4","1","03:00","28.1","0.6"
"Kokkola Öja Märaskär","1993","5","1","03:00","20.9","8.5"
"Kokkola Öja Märaskär","1993","6","1","03:00","31.4","9.5"
"Kokkola Öja Märaskär","1993","7","1","03:00","72.5","14.8"
"Kokkola Öja Märaskär","1993","8","1","03:00","68.8","13.1"
"Kokkola Öja Märaskär","1993","9","1","03:00","34.5","6.8"
"Kokkola Öja Märaskär","1993","10","1","02:00","74.6","3.3"
"Kokkola Öja Märaskär","1993","11","1","02:00","4.7","-2.3"
"Kokkola Öja Märaskär","1993","12","1","02:00","42.3","-4.4"
"Kokkola Öja Märaskär","1994","1","1","02:00","31.4","-7.3"
"Kokkola Öja Märaskär","1994","2","1","02:00","2.6","-12.1"
"Kokkola Öja Märaskär","1994","3","1","02:00","39.5","-3.7"
"Kokkola Öja Märaskär","1994","4","1","03:00","16.5","3.3"
"Kokkola Öja Märaskär","1994","5","1","03:00","6.7","6"
"Kokkola Öja Märaskär","1994","6","1","03:00","41.4","12.2"
"Kokkola Öja Märaskär","1994","7","1","03:00","3.9","17.6"
"Kokkola Öja Märaskär","1994","8","1","03:00","44.2","15"
"Kokkola Öja Märaskär","1994","9","1","03:00","58.2","9.5"
"Kokkola Öja Märaskär","1994","10","1","02:00","74.9","4.3"
"Kokkola Öja Märaskär","1994","11","1","02:00","45.9","-0.6"
"Kokkola Öja Märaskär","1994","12","1","02:00","28.3","-0.6"
"Kokkola Öja Märaskär","1995","1","1","02:00","28.1","-3.3"
"Kokkola Öja Märaskär","1995","2","1","02:00","37.9","-2.4"
"Kokkola Öja Märaskär","1995","3","1","02:00","42.2","-0.2"
"Kokkola Öja Märaskär","1995","4","1","03:00","38","1.6"
"Kokkola Öja Märaskär","1995","5","1","03:00","43.6","5.9"
"Kokkola Öja Märaskär","1995","6","1","03:00","74.9","13.9"
"Kokkola Öja Märaskär","1995","7","1","03:00","39.2","14.3"
"Kokkola Öja Märaskär","1995","8","1","03:00","26.8","15"
"Kokkola Öja Märaskär","1995","9","1","03:00","37.7","10.2"
"Kokkola Öja Märaskär","1995","10","1","02:00","49.9","6.5"
"Kokkola Öja Märaskär","1995","11","1","02:00","36.5","-1.9"
"Kokkola Öja Märaskär","1995","12","1","02:00","16.7","-7.3"
"Kokkola Öja Märaskär","1996","1","1","02:00","10.2","-4.5"
"Kokkola Öja Märaskär","1996","2","1","02:00","20.9","-11.4"
"Kokkola Öja Märaskär","1996","3","1","02:00","7.6","-4"
"Kokkola Öja Märaskär","1996","4","1","03:00","25.2","0.8"
"Kokkola Öja Märaskär","1996","5","1","03:00","44","4.2"
"Kokkola Öja Märaskär","1996","6","1","03:00","32.2","12.2"
"Kokkola Öja Märaskär","1996","7","1","03:00","88.1","14.4"
"Kokkola Öja Märaskär","1996","8","1","03:00","24.6","17.2"
"Kokkola Öja Märaskär","1996","9","1","03:00","33","9.6"
"Kokkola Öja Märaskär","1996","10","1","03:00","44.3","6.1"
"Kokkola Öja Märaskär","1996","11","1","02:00","91.8","0.4"
"Kokkola Öja Märaskär","1996","12","1","02:00","60.8","-4.7"
"Kokkola Öja Märaskär","1997","1","1","02:00","26.6","-4.8"
"Kokkola Öja Märaskär","1997","2","1","02:00","32.2","-5.1"
"Kokkola Öja Märaskär","1997","3","1","02:00","29.3","-2.1"
"Kokkola Öja Märaskär","1997","4","1","03:00","36.1","-0.9"
"Kokkola Öja Märaskär","1997","5","1","03:00","17.5","5"
"Kokkola Öja Märaskär","1997","6","1","03:00","23","12.3"
"Kokkola Öja Märaskär","1997","7","1","03:00","25","18"
"Kokkola Öja Märaskär","1997","8","1","03:00","24.5","17.5"
"Kokkola Öja Märaskär","1997","9","1","03:00","69.5","11.1"
"Kokkola Öja Märaskär","1997","10","1","03:00","48.1","3.5"
"Kokkola Öja Märaskär","1997","11","1","02:00","50.4","-0.4"
"Kokkola Öja Märaskär","1997","12","1","02:00","11.6","-3.3"
"Kokkola Öja Märaskär","1998","1","1","02:00","50.9","-3.8"
"Kokkola Öja Märaskär","1998","2","1","02:00","53.5","-7.5"
"Kokkola Öja Märaskär","1998","3","1","02:00","22","-4.9"
"Kokkola Öja Märaskär","1998","4","1","03:00","8.2","-0.4"
"Kokkola Öja Märaskär","1998","5","1","03:00","50.9","6.2"
"Kokkola Öja Märaskär","1998","6","1","03:00","82.9","11.5"
"Kokkola Öja Märaskär","1998","7","1","03:00","86.3","15.4"
"Kokkola Öja Märaskär","1998","8","1","03:00","55.3","13.6"
"Kokkola Öja Märaskär","1998","9","1","03:00","30","10.8"
"Kokkola Öja Märaskär","1998","10","1","03:00","66.5","5.5"
"Kokkola Öja Märaskär","1998","11","1","02:00","17.1","-2.9"
"Kokkola Öja Märaskär","1998","12","1","02:00","47","-3.2"
"Kokkola Öja Märaskär","1999","1","1","02:00","43.1","-8.5"
"Kokkola Öja Märaskär","1999","2","1","02:00","-","-8.3"
"Havaintoasema","Vuosi","Kuukausi","Päivä","Aika [Paikallinen aika]","Kuukauden sadesumma [mm]","Kuukauden keskilämpötila [°C]"
"Naantali Raula","1992","12","1","02:00","-","1.1"
"Naantali Raula","1993","1","1","02:00","-","-0.6"
"Naantali Raula","1993","3","1","02:00","-","-0.2"
"Naantali Raula","1993","4","1","03:00","-","3.3"
"Naantali Raula","1993","5","1","03:00","-","12"
"Naantali Raula","1993","8","1","03:00","-","13.4"
"Naantali Raula","1993","9","1","03:00","-","7"
"Naantali Raula","1993","10","1","02:00","-","4.7"
"Naantali Raula","1993","11","1","02:00","-","-1.4"
"Naantali Raula","1993","12","1","02:00","-","-1.9"
"Naantali Raula","1994","2","1","02:00","-","-13.1"
"Naantali Raula","1994","4","1","03:00","-","4.5"
"Naantali Raula","1994","5","1","03:00","-","7.6"
"Naantali Raula","1994","6","1","03:00","-","11.5"
"Naantali Raula","1994","7","1","03:00","-","18"
"Naantali Raula","1994","8","1","03:00","-","15.3"
"Naantali Raula","1994","9","1","03:00","-","10.7"
"Naantali Raula","1994","10","1","02:00","-","5.8"
"Naantali Raula","1994","11","1","02:00","-","1.2"
"Naantali Raula","1994","12","1","02:00","-","1.7"
"Naantali Raula","1995","1","1","02:00","-","-2.1"
"Naantali Raula","1995","2","1","02:00","-","-0.1"
"Naantali Raula","1995","3","1","02:00","-","0.4"
"Naantali Raula","1995","4","1","03:00","-","3.3"
"Naantali Raula","1995","5","1","03:00","-","8.4"
"Naantali Raula","1995","6","1","03:00","-","16.1"
"Naantali Raula","1995","7","1","03:00","-","15.5"
"Naantali Raula","1995","8","1","03:00","-","15"
"Naantali Raula","1995","9","1","03:00","-","10.8"
"Naantali Raula","1995","10","1","02:00","-","8.6"
"Naantali Raula","1995","12","1","02:00","-","-5.7"
"Naantali Raula","1996","1","1","02:00","-","-4.9"
"Naantali Raula","1996","2","1","02:00","-","-9.9"
"Naantali Raula","1996","3","1","02:00","-","-4.1"
"Naantali Raula","1996","4","1","03:00","-","2.4"
"Naantali Raula","1996","5","1","03:00","-","8.2"
"Naantali Raula","1996","6","1","03:00","-","12.4"
"Naantali Raula","1996","7","1","03:00","-","14"
"Naantali Raula","1996","8","1","03:00","-","17.2"
"Naantali Raula","1996","9","1","03:00","-","9.2"
"Naantali Raula","1996","10","1","03:00","-","7.7"
"Naantali Raula","1996","11","1","02:00","-","3.7"
"Naantali Raula","1996","12","1","02:00","-","-4"
"Naantali Raula","1997","1","1","02:00","-","-2.8"
"Naantali Raula","1997","2","1","02:00","-","-2.7"
"Naantali Raula","1997","3","1","02:00","-","-0.2"
"Naantali Raula","1997","4","1","03:00","-","1.8"
"Naantali Raula","1997","5","1","03:00","-","7.5"
"Naantali Raula","1997","7","1","03:00","-","17.9"
"Naantali Raula","1997","8","1","03:00","-","18.4"
"Naantali Raula","1997","9","1","03:00","-","11.5"
"Naantali Raula","1997","11","1","02:00","-","1"
"Naantali Raula","1997","12","1","02:00","-","-1.1"
"Naantali Raula","1998","1","1","02:00","-","-0.9"
"Naantali Raula","1998","2","1","02:00","-","-2.2"
"Naantali Raula","1998","3","1","02:00","-","-3.1"
"Naantali Raula","1998","4","1","03:00","-","3.3"
"Naantali Raula","1998","5","1","03:00","-","8.6"
"Naantali Raula","1998","6","1","03:00","-","12.8"
"Naantali Raula","1998","7","1","03:00","-","14.9"
"Naantali Raula","1998","8","1","03:00","-","13.5"
"Naantali Raula","1998","9","1","03:00","-","11.2"
"Naantali Raula","1998","10","1","03:00","-","6.1"
"Naantali Raula","1998","11","1","02:00","-","-1.5"
"Naantali Raula","1998","12","1","02:00","-","-1.4"
"Naantali Raula","1999","1","1","02:00","-","-4.9"
"Naantali Raula","1999","2","1","02:00","-","-5.8"
"Naantali Raula","1999","3","1","02:00","-","-1.1"
"Naantali Raula","1999","5","1","03:00","-","-"
"Naantali Raula","1999","6","1","03:00","-","16.2"
"Naantali Raula","1999","7","1","03:00","-","17.6"
"Naantali Raula","1999","8","1","03:00","-","14.8"
"Naantali Raula","1999","10","1","03:00","-","7.2"
"Naantali Raula","1999","11","1","02:00","-","3.4"
"Naantali Raula","1999","12","1","02:00","-","-1.3"
"Naantali Raula","2000","2","1","02:00","-","-1.5"
"Naantali Raula","2000","3","1","02:00","-","-0.9"
"Naantali Raula","2000","4","1","03:00","-","5.4"
"Naantali Raula","2000","6","1","03:00","-","13"
"Naantali Raula","2000","7","1","03:00","-","15.6"
"Naantali Raula","2000","8","1","03:00","-","14.5"
"Naantali Raula","2000","9","1","03:00","-","9.6"
"Naantali Raula","2000","10","1","03:00","-","9.4"
"Naantali Raula","2000","11","1","02:00","-","5.3"
"Naantali Raula","2001","2","1","02:00","-","-7.3"
"Naantali Raula","2001","3","1","02:00","-","-2.9"
"Naantali Raula","2001","4","1","03:00","-","4.7"
"Naantali Raula","2001","5","1","03:00","-","8.6"
"Naantali Raula","2001","6","1","03:00","-","13.5"
"Naantali Raula","2001","7","1","03:00","-","18.9"
"Naantali Raula","2001","8","1","03:00","-","15.8"
"Naantali Raula","2001","9","1","03:00","-","11.8"
"Naantali Raula","2001","10","1","03:00","-","8.6"
"Naantali Raula","2002","1","1","02:00","-","-2.9"
"Naantali Raula","2002","3","1","02:00","-","0.4"
"Naantali Raula","2002","4","1","03:00","-","5"
"Naantali Raula","2002","5","1","03:00","-","10.9"
"Naantali Raula","2002","6","1","03:00","-","15.9"
"Naantali Raula","2002","7","1","03:00","-","18.2"
"Naantali Raula","2002","8","1","03:00","-","18.4"
"Naantali Raula","2002","9","1","03:00","-","11"
"Naantali Raula","2002","10","1","03:00","-","1.5"
"Naantali Raula","2002","11","1","02:00","-","-1.7"
"Naantali Raula","2002","12","1","02:00","-","-6.4"
"Naantali Raula","2003","1","1","02:00","-","-8.5"
"Naantali Raula","2003","2","1","02:00","-","-6"
"Naantali Raula","2003","3","1","02:00","-","-0.3"
"Naantali Raula","2003","5","1","03:00","-","9.1"
"Naantali Raula","2003","6","1","03:00","-","13.2"
"Naantali Raula","2003","7","1","03:00","-","19.8"
"Naantali Raula","2003","8","1","03:00","-","15.7"
"Naantali Raula","2003","9","1","03:00","-","11.3"
"Naantali Raula","2003","10","1","03:00","-","3.6"
"Naantali Raula","2003","11","1","02:00","-","3.6"
"Naantali Raula","2003","12","1","02:00","-","0.2"
"Naantali Raula","2004","1","1","02:00","-","-4.9"
"Naantali Raula","2004","2","1","02:00","-","-3.2"
"Naantali Raula","2004","3","1","02:00","-","-1.1"
"Naantali Raula","2004","7","1","03:00","-","15.9"
"Naantali Raula","2004","8","1","03:00","-","16.5"
"Naantali Raula","2004","9","1","03:00","-","11.9"
"Naantali Raula","2004","10","1","03:00","-","6.2"
"Naantali Raula","2004","11","1","02:00","-","0.3"
"Naantali Raula","2005","1","1","02:00","-","-0.4"
"Naantali Raula","2005","2","1","02:00","-","-3.7"
"Naantali Raula","2005","3","1","02:00","-","-5.2"
"Naantali Raula","2005","4","1","03:00","-","4.1"
"Naantali Raula","2005","5","1","03:00","-","8.4"
"Naantali Raula","2005","6","1","03:00","-","13.1"
"Naantali Raula","2005","7","1","03:00","-","18"
"Naantali Raula","2005","8","1","03:00","-","14.5"
"Naantali Raula","2005","9","1","03:00","-","-"
"Naantali Raula","2005","10","1","03:00","-","6.9"
"Naantali Raula","2005","11","1","02:00","-","3.9"
"Naantali Raula","2005","12","1","02:00","-","-2.5"
"Naantali Raula","2006","1","1","02:00","-","-3.3"
"Naantali Raula","2006","2","1","02:00","-","-6.3"
"Naantali Raula","2006","3","1","02:00","-","-6.3"
"Naantali Raula","2006","4","1","03:00","-","3.2"
"Naantali Raula","2006","5","1","03:00","-","9.4"
"Naantali Raula","2006","6","1","03:00","-","13.7"
"Naantali Raula","2006","7","1","03:00","-","-"
"Naantali Raula","2006","8","1","03:00","-","-"
"Naantali Raula","2006","9","1","03:00","-","14.2"
"Naantali Raula","2006","10","1","03:00","-","8.2"
"Naantali Raula","2006","11","1","02:00","-","3.4"
"Naantali Raula","2006","12","1","02:00","-","4"
"Naantali Raula","2007","1","1","02:00","-","-1.5"
"Naantali Raula","2007","2","1","02:00","-","-8"
"Naantali Raula","2007","4","1","03:00","-","4.5"
"Naantali Raula","2007","5","1","03:00","-","10"
"Naantali Raula","2007","6","1","03:00","-","15"
"Naantali Raula","2007","7","1","03:00","-","16.5"
"Naantali Raula","2007","8","1","03:00","-","16.7"
"Naantali Raula","2007","9","1","03:00","-","11.3"
"Naantali Raula","2007","10","1","03:00","-","-"
"Naantali Raula","2007","11","1","02:00","-","1.5"
"Naantali Raula","2007","12","1","02:00","-","2.3"
"Naantali Raula","2008","1","1","02:00","-","0.7"
"Naantali Raula","2008","2","1","02:00","-","1"
"Naantali Raula","2008","3","1","02:00","-","0"
"Naantali Raula","2008","4","1","03:00","-","5.2"
"Naantali Raula","2008","5","1","03:00","-","9.4"
"Naantali Raula","2008","6","1","03:00","-","-"
"Naantali Raula","2008","7","1","03:00","-","16.9"
"Naantali Raula","2008","8","1","03:00","-","14.9"
"Naantali Raula","2008","9","1","03:00","-","9.7"
"Naantali Raula","2008","10","1","03:00","-","8.1"
"Naantali Raula","2008","11","1","02:00","-","2.9"
"Naantali Raula","2008","12","1","02:00","-","1.1"
"Naantali Raula","2009","1","1","02:00","-","-3.6"
"Naantali Raula","2009","2","1","02:00","-","-4.4"
"Naantali Raula","2009","3","1","02:00","-","-1.4"
"Naantali Raula","2009","4","1","03:00","-","4.3"
"Naantali Raula","2009","5","1","03:00","-","-"
"Havaintoasema","Vuosi","Kuukausi","Päivä","Aika [Paikallinen aika]","Kuukauden sadesumma [mm]","Kuukauden keskilämpötila [°C]"
"Luvia Peränkylä","1991","2","1","02:00","13.9","-"
"Luvia Peränkylä","1991","3","1","02:00","25.8","-"
"Luvia Peränkylä","1991","4","1","03:00","10.5","-"
"Luvia Peränkylä","1991","5","1","03:00","34.5","-"
"Luvia Peränkylä","1991","6","1","03:00","87.1","-"
"Luvia Peränkylä","1991","7","1","03:00","12","-"
"Luvia Peränkylä","1991","8","1","03:00","63.2","-"
"Luvia Peränkylä","1991","9","1","03:00","96.7","-"
"Luvia Peränkylä","1991","10","1","02:00","52.2","-"
"Luvia Peränkylä","1991","11","1","02:00","53.5","-"
"Luvia Peränkylä","1991","12","1","02:00","43.2","-"
"Luvia Peränkylä","1992","1","1","02:00","26.1","-"
"Luvia Peränkylä","1992","2","1","02:00","29.9","-"
"Luvia Peränkylä","1992","3","1","02:00","44.3","-"
"Luvia Peränkylä","1992","4","1","03:00","38.8","-"
"Luvia Peränkylä","1992","5","1","03:00","2.4","-"
"Luvia Peränkylä","1992","6","1","03:00","31.3","-"
"Luvia Peränkylä","1992","7","1","03:00","96.3","-"
"Luvia Peränkylä","1992","8","1","03:00","86.3","-"
"Luvia Peränkylä","1992","9","1","03:00","45.2","-"
"Luvia Peränkylä","1992","10","1","02:00","58.1","-"
"Luvia Peränkylä","1992","11","1","02:00","59.3","-"
"Luvia Peränkylä","1992","12","1","02:00","35.8","-"
"Luvia Peränkylä","1993","1","1","02:00","44.5","-"
"Luvia Peränkylä","1993","2","1","02:00","11.9","-"
"Luvia Peränkylä","1993","3","1","02:00","14.4","-"
"Luvia Peränkylä","1993","4","1","03:00","29.8","-"
"Luvia Peränkylä","1993","5","1","03:00","3.6","-"
"Luvia Peränkylä","1993","6","1","03:00","47","-"
"Luvia Peränkylä","1993","7","1","03:00","87.1","-"
"Luvia Peränkylä","1993","8","1","03:00","108.9","-"
"Luvia Peränkylä","1993","9","1","03:00","18.6","-"
"Luvia Peränkylä","1993","10","1","02:00","48.5","-"
"Luvia Peränkylä","1993","11","1","02:00","3.8","-"
"Luvia Peränkylä","1993","12","1","02:00","70.9","-"
"Luvia Peränkylä","1994","1","1","02:00","45.9","-"
"Luvia Peränkylä","1994","2","1","02:00","0.8","-"
"Luvia Peränkylä","1994","3","1","02:00","50.8","-"
"Luvia Peränkylä","1994","4","1","03:00","35.4","-"
"Luvia Peränkylä","1994","5","1","03:00","19.8","-"
"Luvia Peränkylä","1994","6","1","03:00","57.2","-"
"Luvia Peränkylä","1994","7","1","03:00","0.4","-"
"Luvia Peränkylä","1994","8","1","03:00","47","-"
"Luvia Peränkylä","1994","9","1","03:00","82.2","-"
"Luvia Peränkylä","1994","10","1","02:00","91.1","-"
"Luvia Peränkylä","1994","11","1","02:00","36.7","-"
"Luvia Peränkylä","1994","12","1","02:00","36.4","-"
"Luvia Peränkylä","1995","1","1","02:00","35.6","-"
"Luvia Peränkylä","1995","2","1","02:00","65.9","-"
"Luvia Peränkylä","1995","3","1","02:00","41.3","-"
"Luvia Peränkylä","1995","4","1","03:00","29.6","-"
"Luvia Peränkylä","1995","5","1","03:00","73.5","-"
"Luvia Peränkylä","1995","6","1","03:00","118.8","-"
"Luvia Peränkylä","1995","7","1","03:00","45.8","-"
"Luvia Peränkylä","1995","8","1","03:00","69.5","-"
"Luvia Peränkylä","1995","9","1","03:00","25","-"
"Luvia Peränkylä","1995","10","1","02:00","95","-"
"Luvia Peränkylä","1995","11","1","02:00","42.3","-"
"Luvia Peränkylä","1995","12","1","02:00","18.6","-"
"Luvia Peränkylä","1996","1","1","02:00","4.1","-"
"Luvia Peränkylä","1996","2","1","02:00","25.9","-"
"Luvia Peränkylä","1996","3","1","02:00","26.7","-"
"Luvia Peränkylä","1996","4","1","03:00","31.2","-"
"Luvia Peränkylä","1996","5","1","03:00","50.7","-"
"Luvia Peränkylä","1996","6","1","03:00","31.5","-"
"Luvia Peränkylä","1996","7","1","03:00","70.9","-"
"Luvia Peränkylä","1996","8","1","03:00","46.8","-"
"Luvia Peränkylä","1996","9","1","03:00","17.7","-"
"Luvia Peränkylä","1996","10","1","03:00","49.8","-"
"Luvia Peränkylä","1996","11","1","02:00","140.6","-"
"Luvia Peränkylä","1996","12","1","02:00","56.6","-"
"Luvia Peränkylä","1997","1","1","02:00","25.9","-"
"Luvia Peränkylä","1997","2","1","02:00","59.6","-"
"Luvia Peränkylä","1997","3","1","02:00","15","-"
"Luvia Peränkylä","1997","4","1","03:00","36.8","-"
"Luvia Peränkylä","1997","5","1","03:00","9.8","-"
"Luvia Peränkylä","1997","6","1","03:00","42.3","-"
"Luvia Peränkylä","1997","7","1","03:00","56.6","-"
"Luvia Peränkylä","1997","8","1","03:00","30.4","-"
"Luvia Peränkylä","1997","9","1","03:00","117.2","-"
"Luvia Peränkylä","1997","10","1","03:00","66.8","-"
"Luvia Peränkylä","1997","11","1","02:00","48.8","-"
"Luvia Peränkylä","1997","12","1","02:00","37.1","-"
"Luvia Peränkylä","1998","1","1","02:00","62.5","-"
"Luvia Peränkylä","1998","2","1","02:00","36.7","-"
"Luvia Peränkylä","1998","3","1","02:00","32","-"
"Luvia Peränkylä","1998","4","1","03:00","16.2","-"
"Luvia Peränkylä","1998","5","1","03:00","43.5","-"
"Luvia Peränkylä","1998","6","1","03:00","112.3","-"
"Luvia Peränkylä","1998","7","1","03:00","84.3","-"
"Luvia Peränkylä","1998","8","1","03:00","90.2","-"
"Luvia Peränkylä","1998","9","1","03:00","64.5","-"
"Luvia Peränkylä","1998","10","1","03:00","71.3","-"
"Luvia Peränkylä","1998","11","1","02:00","17.7","-"
"Luvia Peränkylä","1998","12","1","02:00","40.4","-"
"Luvia Peränkylä","1999","1","1","02:00","49.9","-"
"Luvia Peränkylä","1999","2","1","02:00","49.1","-"
"Luvia Peränkylä","1999","3","1","02:00","30.6","-"
"Luvia Peränkylä","1999","4","1","03:00","28.1","-"
"Luvia Peränkylä","1999","5","1","03:00","13.3","-"
"Luvia Peränkylä","1999","6","1","03:00","25","-"
"Luvia Peränkylä","1999","7","1","03:00","75.3","-"
"Luvia Peränkylä","1999","8","1","03:00","21.1","-"
"Luvia Peränkylä","1999","9","1","03:00","32.9","-"
"Luvia Peränkylä","1999","10","1","03:00","99.6","-"
"Luvia Peränkylä","1999","11","1","02:00","31","-"
"Luvia Peränkylä","1999","12","1","02:00","92.3","-"
"Luvia Peränkylä","2000","1","1","02:00","31.9","-"
"Luvia Peränkylä","2000","2","1","02:00","32.2","-"
"Luvia Peränkylä","2000","3","1","02:00","31.3","-"
"Luvia Peränkylä","2000","4","1","03:00","34","-"
"Luvia Peränkylä","2000","5","1","03:00","34.7","-"
"Luvia Peränkylä","2000","6","1","03:00","66.9","-"
"Luvia Peränkylä","2000","7","1","03:00","110.8","-"
"Luvia Peränkylä","2000","8","1","03:00","41","-"
"Luvia Peränkylä","2000","9","1","03:00","28.4","-"
"Luvia Peränkylä","2000","10","1","03:00","73.7","-"
"Luvia Peränkylä","2000","11","1","02:00","81.4","-"
"Luvia Peränkylä","2000","12","1","02:00","52","-"
"Luvia Peränkylä","2001","1","1","02:00","36.7","-"
"Luvia Peränkylä","2001","2","1","02:00","50.4","-"
"Luvia Peränkylä","2001","3","1","02:00","37.7","-"
"Luvia Peränkylä","2001","4","1","03:00","48.6","-"
"Luvia Peränkylä","2001","5","1","03:00","26.4","-"
"Luvia Peränkylä","2001","6","1","03:00","17.7","-"
"Luvia Peränkylä","2001","7","1","03:00","31","-"
"Luvia Peränkylä","2001","8","1","03:00","95.2","-"
"Luvia Peränkylä","2001","9","1","03:00","129.4","-"
"Luvia Peränkylä","2001","10","1","03:00","74.6","-"
"Luvia Peränkylä","2001","11","1","02:00","24.6","-"
"Luvia Peränkylä","2001","12","1","02:00","26.6","-"
"Luvia Peränkylä","2002","1","1","02:00","75","-"
"Luvia Peränkylä","2002","2","1","02:00","49.6","-"
"Luvia Peränkylä","2002","3","1","02:00","32.4","-"
"Luvia Peränkylä","2002","4","1","03:00","1.2","-"
"Luvia Peränkylä","2002","5","1","03:00","35.5","-"
"Luvia Peränkylä","2002","6","1","03:00","89.8","-"
"Luvia Peränkylä","2002","7","1","03:00","127.4","-"
"Luvia Peränkylä","2002","8","1","03:00","37.5","-"
"Luvia Peränkylä","2002","9","1","03:00","21.9","-"
"Luvia Peränkylä","2002","10","1","03:00","19.7","-"
"Luvia Peränkylä","2002","11","1","02:00","44.4","-"
"Luvia Peränkylä","2002","12","1","02:00","6.2","-"
"Luvia Peränkylä","2003","1","1","02:00","39.8","-"
"Luvia Peränkylä","2003","2","1","02:00","13.8","-"
"Luvia Peränkylä","2003","3","1","02:00","17.5","-"
"Luvia Peränkylä","2003","4","1","03:00","19.1","-"
"Luvia Peränkylä","2003","5","1","03:00","83.4","-"
"Luvia Peränkylä","2003","6","1","03:00","49.8","-"
"Luvia Peränkylä","2003","7","1","03:00","52.2","-"
"Luvia Peränkylä","2003","8","1","03:00","57.9","-"
"Luvia Peränkylä","2003","9","1","03:00","14","-"
"Luvia Peränkylä","2003","10","1","03:00","64.2","-"
"Luvia Peränkylä","2003","11","1","02:00","45.6","-"
"Luvia Peränkylä","2003","12","1","02:00","65.4","-"
"Luvia Peränkylä","2004","1","1","02:00","31.1","-"
"Luvia Peränkylä","2004","2","1","02:00","22.5","-"
"Luvia Peränkylä","2004","3","1","02:00","16","-"
"Luvia Peränkylä","2004","4","1","03:00","2.3","-"
"Luvia Peränkylä","2004","5","1","03:00","28.1","-"
"Luvia Peränkylä","2004","6","1","03:00","51.7","-"
"Luvia Peränkylä","2004","7","1","03:00","102","-"
"Luvia Peränkylä","2004","8","1","03:00","45.5","-"
"Luvia Peränkylä","2004","9","1","03:00","108.4","-"
"Luvia Peränkylä","2004","10","1","03:00","34.8","-"
"Luvia Peränkylä","2004","11","1","02:00","53.2","-"
"Luvia Peränkylä","2004","12","1","02:00","68.6","-"
"Luvia Peränkylä","2005","1","1","02:00","81.9","-"
"Luvia Peränkylä","2005","2","1","02:00","28.7","-"
"Luvia Peränkylä","2005","3","1","02:00","6.1","-"
"Luvia Peränkylä","2005","4","1","03:00","20.6","-"
"Luvia Peränkylä","2005","5","1","03:00","30.7","-"
"Luvia Peränkylä","2005","6","1","03:00","44.2","-"
"Luvia Peränkylä","2005","7","1","03:00","77.4","-"
"Luvia Peränkylä","2005","8","1","03:00","141.5","-"
"Luvia Peränkylä","2005","9","1","03:00","57.7","-"
"Luvia Peränkylä","2005","10","1","03:00","48.1","-"
"Luvia Peränkylä","2005","11","1","02:00","105.6","-"
"Luvia Peränkylä","2005","12","1","02:00","36.1","-"
"Luvia Peränkylä","2006","1","1","02:00","20.3","-"
"Luvia Peränkylä","2006","2","1","02:00","15.4","-"
"Luvia Peränkylä","2006","3","1","02:00","22.7","-"
"Luvia Peränkylä","2006","4","1","03:00","53.1","-"
"Luvia Peränkylä","2006","5","1","03:00","68.2","-"
"Luvia Peränkylä","2006","6","1","03:00","21.4","-"
"Luvia Peränkylä","2006","7","1","03:00","11","-"
"Luvia Peränkylä","2006","8","1","03:00","46","-"
"Luvia Peränkylä","2006","9","1","03:00","70.5","-"
"Luvia Peränkylä","2006","10","1","03:00","156.8","-"
"Luvia Peränkylä","2006","11","1","02:00","66.8","-"
"Luvia Peränkylä","2006","12","1","02:00","101","-"
"Luvia Peränkylä","2007","1","1","02:00","81.4","-"
"Luvia Peränkylä","2007","2","1","02:00","11.4","-"
"Luvia Peränkylä","2007","3","1","02:00","23.9","-"
"Luvia Peränkylä","2007","4","1","03:00","15.2","-"
"Luvia Peränkylä","2007","5","1","03:00","44.5","-"
"Luvia Peränkylä","2007","6","1","03:00","32.3","-"
"Luvia Peränkylä","2007","7","1","03:00","120.7","-"
"Luvia Peränkylä","2007","8","1","03:00","121.5","-"
"Luvia Peränkylä","2007","9","1","03:00","72.8","-"
"Luvia Peränkylä","2007","10","1","03:00","76","-"
"Luvia Peränkylä","2007","11","1","02:00","48","-"
"Luvia Peränkylä","2007","12","1","02:00","72.2","-"
"Luvia Peränkylä","2008","1","1","02:00","81.9","-"
"Luvia Peränkylä","2008","2","1","02:00","36","-"
"Luvia Peränkylä","2008","3","1","02:00","37.4","-"
"Luvia Peränkylä","2008","4","1","03:00","33.5","-"
"Luvia Peränkylä","2008","5","1","03:00","9.7","-"
"Luvia Peränkylä","2008","6","1","03:00","52","-"
"Luvia Peränkylä","2008","7","1","03:00","46.3","-"
"Luvia Peränkylä","2008","8","1","03:00","130.2","-"
"Luvia Peränkylä","2008","9","1","03:00","36.7","-"
"Luvia Peränkylä","2008","10","1","03:00","101.2","-"
"Luvia Peränkylä","2008","11","1","02:00","72.4","-"
"Luvia Peränkylä","2008","12","1","02:00","55.7","-"
"Luvia Peränkylä","2009","1","1","02:00","21.8","-"
"Luvia Peränkylä","2009","2","1","02:00","24.2","-"
"Luvia Peränkylä","2009","3","1","02:00","31.4","-"
"Luvia Peränkylä","2009","4","1","03:00","14.2","-"
"Luvia Peränkylä","2009","5","1","03:00","72.1","-"
"Luvia Peränkylä","2009","6","1","03:00","83.4","-"
"Luvia Peränkylä","2009","7","1","03:00","55.5","-"
"Luvia Peränkylä","2009","8","1","03:00","65.5","-"
"Luvia Peränkylä","2009","9","1","03:00","34.7","-"
"Luvia Peränkylä","2009","10","1","03:00","70.5","-"
"Luvia Peränkylä","2009","11","1","02:00","54.1","-"
"Luvia Peränkylä","2009","12","1","02:00","48.3","-"
"Havaintoasema","Vuosi","Kuukausi","Päivä","Aika [Paikallinen aika]","Kuukauden sadesumma [mm]","Kuukauden keskilämpötila [°C]"
"Kemiönsaari Kemiö","2009","9","1","03:00","-","-"
"Kemiönsaari Kemiö","2009","10","1","03:00","73","3.9"
"Kemiönsaari Kemiö","2009","11","1","02:00","74.2","3.5"
"Kemiönsaari Kemiö","2009","12","1","02:00","45.4","-4.2"
"Kemiönsaari Kemiö","2010","1","1","02:00","7.9","-10.8"
"Kemiönsaari Kemiö","2010","2","1","02:00","30.8","-8.3"
"Kemiönsaari Kemiö","2010","3","1","02:00","45.9","-2.5"
"Kemiönsaari Kemiö","2010","4","1","03:00","35.3","4.1"
"Kemiönsaari Kemiö","2010","5","1","03:00","77.7","11.2"
"Kemiönsaari Kemiö","2010","6","1","03:00","42.2","13.9"
"Kemiönsaari Kemiö","2010","7","1","03:00","31","21"
"Kemiönsaari Kemiö","2010","8","1","03:00","71.8","17.1"
"Kemiönsaari Kemiö","2010","9","1","03:00","106.8","11.2"
"Kemiönsaari Kemiö","2010","10","1","03:00","31.7","5.4"
"Kemiönsaari Kemiö","2010","11","1","02:00","44","-1.4"
"Kemiönsaari Kemiö","2010","12","1","02:00","53.5","-9.1"
"Kemiönsaari Kemiö","2011","1","1","02:00","54.7","-4.6"
"Kemiönsaari Kemiö","2011","2","1","02:00","25.9","-10.9"
"Kemiönsaari Kemiö","2011","3","1","02:00","30.2","-1.4"
"Kemiönsaari Kemiö","2011","4","1","03:00","27.3","5"
"Kemiönsaari Kemiö","2011","5","1","03:00","39.7","9.5"
"Kemiönsaari Kemiö","2011","6","1","03:00","53.6","16.8"
"Kemiönsaari Kemiö","2011","7","1","03:00","121.8","19.7"
"Kemiönsaari Kemiö","2011","8","1","03:00","106.3","16.3"
"Kemiönsaari Kemiö","2011","9","1","03:00","92.8","13"
"Kemiönsaari Kemiö","2011","10","1","03:00","76.2","7.7"
"Kemiönsaari Kemiö","2011","11","1","02:00","49.3","5.1"
"Kemiönsaari Kemiö","2011","12","1","02:00","189.6","2.5"
"Kemiönsaari Kemiö","2012","1","1","02:00","76.2","-4.6"
"Kemiönsaari Kemiö","2012","2","1","02:00","76.5","-6.6"
"Kemiönsaari Kemiö","2012","3","1","02:00","23.9","0.5"
"Kemiönsaari Kemiö","2012","4","1","03:00","44","4.1"
"Kemiönsaari Kemiö","2012","5","1","03:00","30.4","10.3"
"Kemiönsaari Kemiö","2012","6","1","03:00","88","12.7"
"Kemiönsaari Kemiö","2012","7","1","03:00","93.4","17"
"Kemiönsaari Kemiö","2012","8","1","03:00","108.7","15.2"
"Kemiönsaari Kemiö","2012","9","1","03:00","90.1","11.7"
"Kemiönsaari Kemiö","2012","10","1","03:00","98.8","5.8"
"Kemiönsaari Kemiö","2012","11","1","02:00","72.2","3.9"
"Kemiönsaari Kemiö","2012","12","1","02:00","87.9","-6"
"Kemiönsaari Kemiö","2013","1","1","02:00","37.8","-5.3"
"Kemiönsaari Kemiö","2013","2","1","02:00","27.7","-2.9"
"Kemiönsaari Kemiö","2013","3","1","02:00","21.6","-7.1"
"Kemiönsaari Kemiö","2013","4","1","03:00","45.3","2.1"
"Kemiönsaari Kemiö","2013","5","1","03:00","9.3","12.6"
"Kemiönsaari Kemiö","2013","6","1","03:00","44.8","16.9"
"Kemiönsaari Kemiö","2013","7","1","03:00","22.3","17.4"
"Kemiönsaari Kemiö","2013","8","1","03:00","66.7","16.7"
"Kemiönsaari Kemiö","2013","9","1","03:00","31.3","11.7"
"Kemiönsaari Kemiö","2013","10","1","03:00","109.6","6.7"
"Kemiönsaari Kemiö","2013","11","1","02:00","108.7","4.1"
"Kemiönsaari Kemiö","2013","12","1","02:00","93.4","2.3"
"Kemiönsaari Kemiö","2014","1","1","02:00","50.8","-6.6"
"Kemiönsaari Kemiö","2014","2","1","02:00","28.2","0.4"
"Kemiönsaari Kemiö","2014","3","1","02:00","29","2"
"Kemiönsaari Kemiö","2014","4","1","03:00","28.6","5.1"
"Kemiönsaari Kemiö","2014","5","1","03:00","21.8","10.1"
"Kemiönsaari Kemiö","2014","6","1","03:00","85","13.3"
"Kemiönsaari Kemiö","2014","7","1","03:00","28.9","19.2"
"Kemiönsaari Kemiö","2014","8","1","03:00","142.3","16.7"
"Kemiönsaari Kemiö","2014","9","1","03:00","31.8","12.3"
"Kemiönsaari Kemiö","2014","10","1","03:00","42.3","6.9"
"Kemiönsaari Kemiö","2014","11","1","02:00","42.8","3.2"
"Kemiönsaari Kemiö","2014","12","1","02:00","110","0"
"Kemiönsaari Kemiö","2015","1","1","02:00","92.2","-0.5"
"Kemiönsaari Kemiö","2015","2","1","02:00","28.2","0.7"
"Kemiönsaari Kemiö","2015","3","1","02:00","57.5","2"
"Kemiönsaari Kemiö","2015","4","1","03:00","49.6","5"
"Kemiönsaari Kemiö","2015","5","1","03:00","81.5","8.8"
"Kemiönsaari Kemiö","2015","6","1","03:00","75.1","13"
"Kemiönsaari Kemiö","2015","7","1","03:00","73.7","15.7"
"Kemiönsaari Kemiö","2015","8","1","03:00","26.1","16.3"
"Kemiönsaari Kemiö","2015","9","1","03:00","55.3","12.2"
"Kemiönsaari Kemiö","2015","10","1","03:00","20.9","5.1"
"Kemiönsaari Kemiö","2015","11","1","02:00","86.1","4.8"
"Kemiönsaari Kemiö","2015","12","1","02:00","80.8","3.1"
"Kemiönsaari Kemiö","2016","1","1","02:00","63.6","-8.6"
"Kemiönsaari Kemiö","2016","2","1","02:00","87.4","-0.1"
"Kemiönsaari Kemiö","2016","3","1","02:00","9.6","0.4"
"Kemiönsaari Kemiö","2016","4","1","03:00","51.2","4.4"
"Kemiönsaari Kemiö","2016","5","1","03:00","42.4","12.5"
"Kemiönsaari Kemiö","2016","6","1","03:00","71.4","15"
"Kemiönsaari Kemiö","2016","7","1","03:00","52.1","17.2"
"Kemiönsaari Kemiö","2016","8","1","03:00","65.1","15.7"
"Kemiönsaari Kemiö","2016","9","1","03:00","59.3","12.2"
"Kemiönsaari Kemiö","2016","10","1","03:00","21.5","4.8"
"Kemiönsaari Kemiö","2016","11","1","02:00","60.6","-0.4"
"Kemiönsaari Kemiö","2016","12","1","02:00","27.9","0.1"
"Kemiönsaari Kemiö","2017","1","1","02:00","27.4","-2.1"
"Kemiönsaari Kemiö","2017","2","1","02:00","38.2","-2.3"
"Kemiönsaari Kemiö","2017","3","1","02:00","41.3","1.2"
"Kemiönsaari Kemiö","2017","4","1","03:00","32","2.6"
"Kemiönsaari Kemiö","2017","5","1","03:00","14.9","9.2"
"Kemiönsaari Kemiö","2017","6","1","03:00","52.6","13.4"
"Kemiönsaari Kemiö","2017","7","1","03:00","19.9","15.6"
"Kemiönsaari Kemiö","2017","8","1","03:00","106.1","15.5"
"Kemiönsaari Kemiö","2017","9","1","03:00","49.3","11.7"
"Kemiönsaari Kemiö","2017","10","1","03:00","136.5","5.5"
"Kemiönsaari Kemiö","2017","11","1","02:00","102.4","3.5"
"Kemiönsaari Kemiö","2017","12","1","02:00","131.4","1.3"
"Kemiönsaari Kemiö","2018","1","1","02:00","76.2","-2"
"Kemiönsaari Kemiö","2018","2","1","02:00","22.2","-7.8"
"Kemiönsaari Kemiö","2018","3","1","02:00","13.4","-4.4"
"Kemiönsaari Kemiö","2018","4","1","03:00","31.1","4.6"
"Kemiönsaari Kemiö","2018","5","1","03:00","15","14.5"
"Kemiönsaari Kemiö","2018","6","1","03:00","35.1","15"
"Kemiönsaari Kemiö","2018","7","1","03:00","41.8","20.6"
"Kemiönsaari Kemiö","2018","8","1","03:00","40.1","17.7"
"Kemiönsaari Kemiö","2018","9","1","03:00","82.6","13.2"
"Kemiönsaari Kemiö","2018","10","1","03:00","55.8","6.9"
"Kemiönsaari Kemiö","2018","11","1","02:00","32","3.6"
"Kemiönsaari Kemiö","2018","12","1","02:00","80.6","-1.1"
"Kemiönsaari Kemiö","2019","1","1","02:00","52.7","-4.8"
"Kemiönsaari Kemiö","2019","2","1","02:00","55.1","0.1"
"Kemiönsaari Kemiö","2019","3","1","02:00","69.5","0.2"
"Kemiönsaari Kemiö","2019","4","1","03:00","4.6","6.2"
"Kemiönsaari Kemiö","2019","5","1","03:00","50.3","9.9"
"Kemiönsaari Kemiö","2019","6","1","03:00","25.3","16.7"
"Kemiönsaari Kemiö","2019","7","1","03:00","59.2","17.1"
"Kemiönsaari Kemiö","2019","8","1","03:00","115.3","16.3"
"Kemiönsaari Kemiö","2019","9","1","03:00","106.8","11.2"
"Kemiönsaari Kemiö","2019","10","1","03:00","91.7","5.7"
"Kemiönsaari Kemiö","2019","11","1","02:00","117.7","2.6"
"Kemiönsaari Kemiö","2019","12","1","02:00","108.8","2.3"
"Kemiönsaari Kemiö","2020","1","1","02:00","83.5","3"
"Kemiönsaari Kemiö","2020","2","1","02:00","111.7","1.3"
"Kemiönsaari Kemiö","2020","3","1","02:00","78.5","1.8"
"Kemiönsaari Kemiö","2020","4","1","03:00","32.8","4.6"
"Kemiönsaari Kemiö","2020","5","1","03:00","55.6","8.5"
"Kemiönsaari Kemiö","2020","6","1","03:00","42.6","17.6"
"Kemiönsaari Kemiö","2020","7","1","03:00","85.5","15.7"
"Kemiönsaari Kemiö","2020","8","1","03:00","34.1","16.6"
"Kemiönsaari Kemiö","2020","9","1","03:00","74.2","13.2"
"Kemiönsaari Kemiö","2020","10","1","03:00","86.3","8.7"
"Kemiönsaari Kemiö","2020","11","1","02:00","100","5.5"
"Kemiönsaari Kemiö","2020","12","1","02:00","72.8","2"
"Kemiönsaari Kemiö","2021","1","1","02:00","50.7","-3.9"
"Kemiönsaari Kemiö","2021","2","1","02:00","11.6","-6.8"
"Kemiönsaari Kemiö","2021","3","1","02:00","21.4","0.3"
"Kemiönsaari Kemiö","2021","4","1","03:00","31.8","4.2"
"Kemiönsaari Kemiö","2021","5","1","03:00","69.2","9.8"
"Kemiönsaari Kemiö","2021","6","1","03:00","29.1","18.5"
"Kemiönsaari Kemiö","2021","7","1","03:00","55.4","20.5"
"Kemiönsaari Kemiö","2021","8","1","03:00","155.5","15.4"
"Kemiönsaari Kemiö","2021","9","1","03:00","44.8","10.1"
"Kemiönsaari Kemiö","2021","10","1","03:00","99.1","8.5"
"Kemiönsaari Kemiö","2021","11","1","02:00","59.7","2"
"Kemiönsaari Kemiö","2021","12","1","02:00","39","-5.4"
"Kemiönsaari Kemiö","2022","1","1","02:00","55.5","-2"
"Kemiönsaari Kemiö","2022","2","1","02:00","67","-1.5"
"Kemiönsaari Kemiö","2022","3","1","02:00","3.7","0.7"
"Kemiönsaari Kemiö","2022","4","1","03:00","48.9","3.4"
"Kemiönsaari Kemiö","2022","5","1","03:00","23.6","9.4"
"Kemiönsaari Kemiö","2022","6","1","03:00","31.1","16.7"
"Kemiönsaari Kemiö","2022","7","1","03:00","60.1","17.2"
"Kemiönsaari Kemiö","2022","8","1","03:00","82","18.2"
"Kemiönsaari Kemiö","2022","9","1","03:00","30.3","9.1"
"Kemiönsaari Kemiö","2022","10","1","03:00","58.7","8.4"
"Kemiönsaari Kemiö","2022","11","1","02:00","37.4","3.1"
"Kemiönsaari Kemiö","2022","12","1","02:00","50.2","-2.8"
"Kemiönsaari Kemiö","2023","1","1","02:00","89.3","-0.9"
"Kemiönsaari Kemiö","2023","2","1","02:00","33.6","-1.4"
"Kemiönsaari Kemiö","2023","3","1","02:00","75.7","-1.8"
"Kemiönsaari Kemiö","2023","4","1","03:00","12.1","4.7"
"Kemiönsaari Kemiö","2023","5","1","03:00","30.5","9.9"
"Kemiönsaari Kemiö","2023","6","1","03:00","13.8","16.3"
"Kemiönsaari Kemiö","2023","7","1","03:00","75.1","16.3"
"Kemiönsaari Kemiö","2023","8","1","03:00","125.3","16.9"
"Kemiönsaari Kemiö","2023","9","1","03:00","35","14.8"
"Kemiönsaari Kemiö","2023","10","1","03:00","94.9","4.9"
"Kemiönsaari Kemiö","2023","11","1","02:00","90.2","0.2"
"Kemiönsaari Kemiö","2023","12","1","02:00","35.4","-4.3"
"Kemiönsaari Kemiö","2024","1","1","02:00","40.8","-7.4"
"Kemiönsaari Kemiö","2024","2","1","02:00","59.4","-2.5"
"Kemiönsaari Kemiö","2024","3","1","02:00","24.5","0.7"
"Kemiönsaari Kemiö","2024","4","1","03:00","58.8","3.5"
"Kemiönsaari Kemiö","2024","5","1","03:00","10.8","13.6"
"Kemiönsaari Kemiö","2024","6","1","03:00","61.8","16.3"
"Kemiönsaari Kemiö","2024","7","1","03:00","43.4","18.3"
"Kemiönsaari Kemiö","2024","8","1","03:00","69","17.2"
"Kemiönsaari Kemiö","2024","9","1","03:00","80.5","13.9"
"Kemiönsaari Kemiö","2024","10","1","03:00","74.9","8.4"
"Kemiönsaari Kemiö","2024","11","1","02:00","59.5","3.8"
"Kemiönsaari Kemiö","2024","12","1","02:00","84.7","1"
"Kemiönsaari Kemiö","2025","1","1","02:00","43.8","-0.1"
"Kemiönsaari Kemiö","2025","2","1","02:00","16.3","-1.9"
"Kemiönsaari Kemiö","2025","3","1","02:00","13.1","2.7"
"Kemiönsaari Kemiö","2025","4","1","03:00","59.1","6"
"Kemiönsaari Kemiö","2025","5","1","03:00","40","9.2"
"Kemiönsaari Kemiö","2025","6","1","03:00","88.8","13.9"
"Kemiönsaari Kemiö","2025","7","1","03:00","51","19.5"
"Kemiönsaari Kemiö","2025","8","1","03:00","53.8","15.2"
"Kemiönsaari Kemiö","2025","9","1","03:00","76.1","13.9"
"Kemiönsaari Kemiö","2025","10","1","03:00","87","7.3"
"Kemiönsaari Kemiö","2025","11","1","02:00","86.9","4.4"
"Kemiönsaari Kemiö","2025","12","1","02:00","82.3","2.8"
"Havaintoasema","Vuosi","Kuukausi","Päivä","Aika [Paikallinen aika]","Kuukauden sadesumma [mm]","Kuukauden keskilämpötila [°C]"
"Ruotsinpyhtää Keitala","1991","2","1","02:00","35.6","-6.5"
"Ruotsinpyhtää Keitala","1991","3","1","02:00","44.6","-1.1"
"Ruotsinpyhtää Keitala","1991","4","1","03:00","30.9","3"
"Ruotsinpyhtää Keitala","1991","5","1","03:00","48.2","7.9"
"Ruotsinpyhtää Keitala","1991","6","1","03:00","99.2","12.7"
"Ruotsinpyhtää Keitala","1991","7","1","03:00","27.4","17.4"
"Ruotsinpyhtää Keitala","1991","8","1","03:00","66","16.7"
"Ruotsinpyhtää Keitala","1991","9","1","03:00","81.8","10"
"Ruotsinpyhtää Keitala","1991","10","1","02:00","50.4","6.1"
"Ruotsinpyhtää Keitala","1991","11","1","02:00","118.7","3.5"
"Ruotsinpyhtää Keitala","1991","12","1","02:00","61.7","-1.5"
"Ruotsinpyhtää Keitala","1992","1","1","02:00","49.5","-2"
"Ruotsinpyhtää Keitala","1992","2","1","02:00","53.9","-2.2"
"Ruotsinpyhtää Keitala","1992","3","1","02:00","65.5","1"
"Ruotsinpyhtää Keitala","1992","4","1","03:00","63","1.7"
"Ruotsinpyhtää Keitala","1992","5","1","03:00","16.5","10.3"
"Ruotsinpyhtää Keitala","1992","6","1","03:00","9","15.9"
"Ruotsinpyhtää Keitala","1992","7","1","03:00","63.2","16.4"
"Ruotsinpyhtää Keitala","1992","8","1","03:00","75.1","14.8"
"Ruotsinpyhtää Keitala","1992","9","1","03:00","68","12.2"
"Ruotsinpyhtää Keitala","1992","10","1","02:00","113.3","0.8"
"Ruotsinpyhtää Keitala","1992","11","1","02:00","98.7","-1.4"
"Ruotsinpyhtää Keitala","1992","12","1","02:00","31.5","0.2"
"Ruotsinpyhtää Keitala","1993","1","1","02:00","72.1","-1.7"
"Ruotsinpyhtää Keitala","1993","2","1","02:00","32","-3.1"
"Ruotsinpyhtää Keitala","1993","3","1","02:00","36.7","-0.8"
"Ruotsinpyhtää Keitala","1993","4","1","03:00","28.3","2.9"
"Ruotsinpyhtää Keitala","1993","5","1","03:00","6.4","12.2"
"Ruotsinpyhtää Keitala","1993","6","1","03:00","74.8","11.9"
"Ruotsinpyhtää Keitala","1993","7","1","03:00","93.4","15.7"
"Ruotsinpyhtää Keitala","1993","8","1","03:00","106.2","13.7"
"Ruotsinpyhtää Keitala","1993","9","1","03:00","14.8","5.9"
"Ruotsinpyhtää Keitala","1993","10","1","02:00","51.6","3.7"
"Ruotsinpyhtää Keitala","1993","11","1","02:00","9.1","-3.1"
"Ruotsinpyhtää Keitala","1993","12","1","02:00","90.2","-3"
"Ruotsinpyhtää Keitala","1994","1","1","02:00","76.9","-4.3"
"Ruotsinpyhtää Keitala","1994","2","1","02:00","3.9","-13.9"
"Ruotsinpyhtää Keitala","1994","3","1","02:00","83.2","-2.9"
"Ruotsinpyhtää Keitala","1994","4","1","03:00","81.3","4.2"
"Ruotsinpyhtää Keitala","1994","5","1","03:00","36.2","8"
"Ruotsinpyhtää Keitala","1994","6","1","03:00","43.1","12.9"
"Ruotsinpyhtää Keitala","1994","7","1","03:00","8","18.7"
"Ruotsinpyhtää Keitala","1994","8","1","03:00","93.1","15.2"
"Ruotsinpyhtää Keitala","1994","9","1","03:00","107.8","10.9"
"Ruotsinpyhtää Keitala","1994","10","1","02:00","72.2","4.5"
"Ruotsinpyhtää Keitala","1994","11","1","02:00","38.8","-1.2"
"Ruotsinpyhtää Keitala","1994","12","1","02:00","85.2","-1.1"
"Ruotsinpyhtää Keitala","1995","1","1","02:00","57.3","-3.3"
"Ruotsinpyhtää Keitala","1995","2","1","02:00","96.2","-0.8"
"Ruotsinpyhtää Keitala","1995","3","1","02:00","62.1","0.2"
"Ruotsinpyhtää Keitala","1995","4","1","03:00","27.2","2.6"
"Ruotsinpyhtää Keitala","1995","5","1","03:00","75.4","8.8"
"Ruotsinpyhtää Keitala","1995","6","1","03:00","21.3","17.4"
"Ruotsinpyhtää Keitala","1995","7","1","03:00","27.4","15.5"
"Ruotsinpyhtää Keitala","1995","8","1","03:00","62.3","15.2"
"Ruotsinpyhtää Keitala","1995","9","1","03:00","84.9","10.2"
"Ruotsinpyhtää Keitala","1995","10","1","02:00","54.5","7.8"
"Ruotsinpyhtää Keitala","1995","11","1","02:00","73.4","-2.8"
"Ruotsinpyhtää Keitala","1995","12","1","02:00","29.3","-9.4"
"Ruotsinpyhtää Keitala","1996","1","1","02:00","13.7","-6.7"
"Ruotsinpyhtää Keitala","1996","2","1","02:00","38.9","-11.6"
"Ruotsinpyhtää Keitala","1996","3","1","02:00","27.3","-5.1"
"Ruotsinpyhtää Keitala","1996","4","1","03:00","28","1.6"
"Ruotsinpyhtää Keitala","1996","5","1","03:00","77.6","8.4"
"Ruotsinpyhtää Keitala","1996","6","1","03:00","48.1","13.4"
"Ruotsinpyhtää Keitala","1996","7","1","03:00","120.1","14.5"
"Ruotsinpyhtää Keitala","1996","8","1","03:00","1.1","16.7"
"Ruotsinpyhtää Keitala","1996","9","1","03:00","73.2","8.6"
"Ruotsinpyhtää Keitala","1996","10","1","03:00","59.6","6.5"
"Ruotsinpyhtää Keitala","1996","11","1","02:00","164.9","3.6"
"Ruotsinpyhtää Keitala","1996","12","1","02:00","58.5","-5.2"
"Ruotsinpyhtää Keitala","1997","1","1","02:00","68","-5.3"
"Ruotsinpyhtää Keitala","1997","2","1","02:00","62.3","-4"
"Ruotsinpyhtää Keitala","1997","3","1","02:00","33.9","-1.6"
"Ruotsinpyhtää Keitala","1997","4","1","03:00","42","1.5"
"Ruotsinpyhtää Keitala","1997","5","1","03:00","8.7","7.9"
"Ruotsinpyhtää Keitala","1997","6","1","03:00","40.5","16"
"Ruotsinpyhtää Keitala","1997","7","1","03:00","38.4","18.1"
"Ruotsinpyhtää Keitala","1997","8","1","03:00","55.9","17.3"
"Ruotsinpyhtää Keitala","1997","9","1","03:00","71.2","9.9"
"Ruotsinpyhtää Keitala","1997","10","1","03:00","58.5","2.4"
"Ruotsinpyhtää Keitala","1997","11","1","02:00","64.5","-0.1"
"Ruotsinpyhtää Keitala","1997","12","1","02:00","42.8","-4"
"Ruotsinpyhtää Keitala","1998","1","1","02:00","62.4","-2.2"
"Ruotsinpyhtää Keitala","1998","2","1","02:00","49.4","-6.3"
"Ruotsinpyhtää Keitala","1998","3","1","02:00","41.8","-6.4"
"Ruotsinpyhtää Keitala","1998","4","1","03:00","20.5","1.3"
"Ruotsinpyhtää Keitala","1998","5","1","03:00","44.3","9.2"
"Ruotsinpyhtää Keitala","1998","6","1","03:00","142.2","14.4"
"Ruotsinpyhtää Keitala","1998","7","1","03:00","94.5","15.9"
"Ruotsinpyhtää Keitala","1998","8","1","03:00","129.4","13.3"
"Ruotsinpyhtää Keitala","1998","9","1","03:00","50.7","10.8"
"Ruotsinpyhtää Keitala","1998","10","1","03:00","90.4","4.9"
"Ruotsinpyhtää Keitala","1998","11","1","02:00","49.6","-3.4"
"Ruotsinpyhtää Keitala","1998","12","1","02:00","64.5","-2.7"
"Ruotsinpyhtää Keitala","1999","1","1","02:00","70","-6.9"
"Ruotsinpyhtää Keitala","1999","2","1","02:00","119.8","-8.7"
"Ruotsinpyhtää Keitala","1999","3","1","02:00","33.7","-2.7"
"Ruotsinpyhtää Keitala","1999","4","1","03:00","41.7","4.3"
"Ruotsinpyhtää Keitala","1999","5","1","03:00","8.2","7.1"
"Ruotsinpyhtää Keitala","1999","6","1","03:00","20.5","17.7"
"Ruotsinpyhtää Keitala","1999","7","1","03:00","23.9","18.4"
"Ruotsinpyhtää Keitala","1999","8","1","03:00","55.8","14.6"
"Ruotsinpyhtää Keitala","1999","9","1","03:00","13.1","10.8"
"Ruotsinpyhtää Keitala","1999","10","1","03:00","78.6","6.4"
"Ruotsinpyhtää Keitala","1999","11","1","02:00","51.5","1.7"
"Ruotsinpyhtää Keitala","1999","12","1","02:00","132.3","-2.1"
"Ruotsinpyhtää Keitala","2000","1","1","02:00","48.7","-3.8"
"Ruotsinpyhtää Keitala","2000","2","1","02:00","65.1","-3.1"
"Ruotsinpyhtää Keitala","2000","3","1","02:00","53.7","-1.3"
"Ruotsinpyhtää Keitala","2000","4","1","03:00","34.7","4.8"
"Ruotsinpyhtää Keitala","2000","5","1","03:00","36.8","9.2"
"Ruotsinpyhtää Keitala","2000","6","1","03:00","65","13.7"
"Ruotsinpyhtää Keitala","2000","7","1","03:00","66.5","16.7"
"Ruotsinpyhtää Keitala","2000","8","1","03:00","35.3","15"
"Ruotsinpyhtää Keitala","2000","9","1","03:00","32.2","7.9"
"Ruotsinpyhtää Keitala","2000","10","1","03:00","116.4","8.3"
"Ruotsinpyhtää Keitala","2000","11","1","02:00","112.1","4.3"
"Ruotsinpyhtää Keitala","2000","12","1","02:00","78.2","0.8"
"Ruotsinpyhtää Keitala","2001","1","1","02:00","45.8","-2.2"
"Ruotsinpyhtää Keitala","2001","2","1","02:00","60.4","-8.1"
"Ruotsinpyhtää Keitala","2001","3","1","02:00","32.8","-4.8"
"Ruotsinpyhtää Keitala","2001","4","1","03:00","48.3","4.5"
"Ruotsinpyhtää Keitala","2001","5","1","03:00","34.5","8.9"
"Ruotsinpyhtää Keitala","2001","6","1","03:00","81.4","14"
"Ruotsinpyhtää Keitala","2001","7","1","03:00","84.5","19.4"
"Ruotsinpyhtää Keitala","2001","8","1","03:00","46.5","15.5"
"Ruotsinpyhtää Keitala","2001","9","1","03:00","112.4","11.3"
"Ruotsinpyhtää Keitala","2001","10","1","03:00","70.4","7.3"
"Ruotsinpyhtää Keitala","2001","11","1","02:00","40.2","-0.5"
"Ruotsinpyhtää Keitala","2001","12","1","02:00","35.8","-7.5"
"Ruotsinpyhtää Keitala","2002","1","1","02:00","71.7","-4.3"
"Ruotsinpyhtää Keitala","2002","2","1","02:00","79.6","-1.5"
"Ruotsinpyhtää Keitala","2002","3","1","02:00","47","-0.6"
"Ruotsinpyhtää Keitala","2002","4","1","03:00","12.3","3.6"
"Ruotsinpyhtää Keitala","2002","5","1","03:00","14.8","10.6"
"Ruotsinpyhtää Keitala","2002","6","1","03:00","-","15.7"
"Ruotsinpyhtää Keitala","2002","7","1","03:00","68.7","18.4"
"Ruotsinpyhtää Keitala","2002","8","1","03:00","2.6","17.6"
"Ruotsinpyhtää Keitala","2002","9","1","03:00","23.5","9.5"
"Ruotsinpyhtää Keitala","2002","10","1","03:00","35.1","-0.1"
"Ruotsinpyhtää Keitala","2002","11","1","02:00","78.7","-3.1"
"Ruotsinpyhtää Keitala","2002","12","1","02:00","16.7","-8.9"
"Ruotsinpyhtää Keitala","2003","1","1","02:00","49.5","-11"
"Ruotsinpyhtää Keitala","2003","2","1","02:00","18.3","-6.1"
"Ruotsinpyhtää Keitala","2003","3","1","02:00","12.8","-2.9"
"Ruotsinpyhtää Keitala","2003","4","1","03:00","32","1.7"
"Ruotsinpyhtää Keitala","2003","5","1","03:00","81.9","9.1"
"Ruotsinpyhtää Keitala","2003","6","1","03:00","74.6","12.4"
"Ruotsinpyhtää Keitala","2003","7","1","03:00","65.2","19.5"
"Ruotsinpyhtää Keitala","2003","8","1","03:00","61.6","15.5"
"Ruotsinpyhtää Keitala","2003","9","1","03:00","43.1","10.4"
"Ruotsinpyhtää Keitala","2003","10","1","03:00","74.1","3.1"
"Ruotsinpyhtää Keitala","2003","11","1","02:00","61.8","2.5"
"Ruotsinpyhtää Keitala","2003","12","1","02:00","82.7","-1.4"
"Ruotsinpyhtää Keitala","2004","1","1","02:00","49","-7.8"
"Ruotsinpyhtää Keitala","2004","2","1","02:00","56.3","-5.6"
"Ruotsinpyhtää Keitala","2004","3","1","02:00","57","-1.9"
"Ruotsinpyhtää Keitala","2004","4","1","03:00","8.7","2.8"
"Ruotsinpyhtää Keitala","2004","5","1","03:00","39.3","9.3"
"Ruotsinpyhtää Keitala","2004","6","1","03:00","124.2","12.8"
"Ruotsinpyhtää Keitala","2004","7","1","03:00","81.5","16.4"
"Ruotsinpyhtää Keitala","2004","8","1","03:00","75.2","16.1"
"Ruotsinpyhtää Keitala","2004","9","1","03:00","112.3","12"
"Ruotsinpyhtää Keitala","2004","10","1","03:00","49.7","5.1"
"Ruotsinpyhtää Keitala","2004","11","1","02:00","56.6","-0.9"
"Ruotsinpyhtää Keitala","2004","12","1","02:00","67.6","-1"
"Ruotsinpyhtää Keitala","2005","1","1","02:00","103.4","-1.4"
"Ruotsinpyhtää Keitala","2005","2","1","02:00","14.4","-6.2"
"Ruotsinpyhtää Keitala","2005","3","1","02:00","10.7","-7.2"
"Ruotsinpyhtää Keitala","2005","4","1","03:00","10.3","3.3"
"Ruotsinpyhtää Keitala","2005","5","1","03:00","81.9","9.2"
"Ruotsinpyhtää Keitala","2005","6","1","03:00","75","13.8"
"Ruotsinpyhtää Keitala","2005","7","1","03:00","33.8","18"
"Ruotsinpyhtää Keitala","2005","8","1","03:00","138.3","15.9"
"Ruotsinpyhtää Keitala","2005","9","1","03:00","26.6","11.2"
"Ruotsinpyhtää Keitala","2005","10","1","03:00","45.2","6.2"
"Ruotsinpyhtää Keitala","2005","11","1","02:00","101.5","3.6"
"Ruotsinpyhtää Keitala","2005","12","1","02:00","52.5","-3.3"
"Ruotsinpyhtää Keitala","2006","1","1","02:00","15.3","-5.4"
"Ruotsinpyhtää Keitala","2006","2","1","02:00","24.4","-9.9"
"Ruotsinpyhtää Keitala","2006","3","1","02:00","46","-7.4"
"Ruotsinpyhtää Keitala","2006","4","1","03:00","48.3","3.1"
"Ruotsinpyhtää Keitala","2006","5","1","03:00","19.1","9.7"
"Ruotsinpyhtää Keitala","2006","6","1","03:00","42.8","15.3"
"Ruotsinpyhtää Keitala","2006","7","1","03:00","6.7","17.8"
"Ruotsinpyhtää Keitala","2006","8","1","03:00","49.9","17.3"
"Ruotsinpyhtää Keitala","2006","9","1","03:00","23.3","12.3"
"Ruotsinpyhtää Keitala","2006","10","1","03:00","202.7","7.3"
"Ruotsinpyhtää Keitala","2006","11","1","02:00","86.7","0.9"
"Ruotsinpyhtää Keitala","2006","12","1","02:00","65.9","2.5"
"Ruotsinpyhtää Keitala","2007","1","1","02:00","115.8","-2.9"
"Ruotsinpyhtää Keitala","2007","2","1","02:00","23.2","-11"
"Ruotsinpyhtää Keitala","2007","3","1","02:00","35.4","1.9"
"Ruotsinpyhtää Keitala","2007","4","1","03:00","35.9","4.7"
"Ruotsinpyhtää Keitala","2007","5","1","03:00","46","10.3"
"Ruotsinpyhtää Keitala","2007","6","1","03:00","65.3","14.6"
"Ruotsinpyhtää Keitala","2007","7","1","03:00","143.3","16.9"
"Ruotsinpyhtää Keitala","2007","8","1","03:00","78.5","16.7"
"Ruotsinpyhtää Keitala","2007","9","1","03:00","108","10.1"
"Ruotsinpyhtää Keitala","2007","10","1","03:00","42.7","6.1"
"Ruotsinpyhtää Keitala","2007","11","1","02:00","67.3","-0.1"
"Ruotsinpyhtää Keitala","2007","12","1","02:00","-","1.2"
"Ruotsinpyhtää Keitala","2008","1","1","02:00","-","-"
"Havaintoasema","Vuosi","Kuukausi","Päivä","Aika [Paikallinen aika]","Kuukauden sadesumma [mm]","Kuukauden keskilämpötila [°C]"
"Hartola Hotila","1991","2","1","02:00","28.7","-"
"Hartola Hotila","1991","3","1","02:00","46.3","-"
"Hartola Hotila","1991","4","1","03:00","23.2","-"
"Hartola Hotila","1991","5","1","03:00","37","-"
"Hartola Hotila","1991","6","1","03:00","72.5","-"
"Hartola Hotila","1991","7","1","03:00","71.7","-"
"Hartola Hotila","1991","8","1","03:00","112.5","-"
"Hartola Hotila","1991","9","1","03:00","52.5","-"
"Hartola Hotila","1991","10","1","02:00","63.1","-"
"Hartola Hotila","1991","11","1","02:00","68.5","-"
"Hartola Hotila","1991","12","1","02:00","47.1","-"
"Hartola Hotila","1992","1","1","02:00","37.3","-"
"Hartola Hotila","1992","2","1","02:00","35.7","-"
"Hartola Hotila","1992","3","1","02:00","55.2","-"
"Hartola Hotila","1992","4","1","03:00","52.6","-"
"Hartola Hotila","1992","5","1","03:00","12.2","-"
"Hartola Hotila","1992","6","1","03:00","33.9","-"
"Hartola Hotila","1992","7","1","03:00","51.2","-"
"Hartola Hotila","1992","8","1","03:00","87.5","-"
"Hartola Hotila","1992","9","1","03:00","79.8","-"
"Hartola Hotila","1992","10","1","02:00","107.4","-"
"Hartola Hotila","1992","11","1","02:00","71.6","-"
"Hartola Hotila","1992","12","1","02:00","15.4","-"
"Hartola Hotila","1993","1","1","02:00","40.4","-"
"Hartola Hotila","1993","2","1","02:00","41.5","-"
"Hartola Hotila","1993","3","1","02:00","25.6","-"
"Hartola Hotila","1993","4","1","03:00","24.3","-"
"Hartola Hotila","1993","5","1","03:00","18.8","-"
"Hartola Hotila","1993","6","1","03:00","60.1","-"
"Hartola Hotila","1993","7","1","03:00","86.7","-"
"Hartola Hotila","1993","8","1","03:00","112.5","-"
"Hartola Hotila","1993","9","1","03:00","18.5","-"
"Hartola Hotila","1993","10","1","02:00","67.1","-"
"Hartola Hotila","1993","11","1","02:00","4.4","-"
"Hartola Hotila","1993","12","1","02:00","64.3","-"
"Hartola Hotila","1994","1","1","02:00","58.8","-"
"Hartola Hotila","1994","2","1","02:00","4","-"
"Hartola Hotila","1994","3","1","02:00","53","-"
"Hartola Hotila","1994","4","1","03:00","59.1","-"
"Hartola Hotila","1994","5","1","03:00","40.2","-"
"Hartola Hotila","1994","6","1","03:00","55.7","-"
"Hartola Hotila","1994","7","1","03:00","14.2","-"
"Hartola Hotila","1994","8","1","03:00","72.1","-"
"Hartola Hotila","1994","9","1","03:00","72.4","-"
"Hartola Hotila","1994","10","1","02:00","85.4","-"
"Hartola Hotila","1994","11","1","02:00","31.7","-"
"Hartola Hotila","1994","12","1","02:00","57.2","-"
"Hartola Hotila","1995","1","1","02:00","48.5","-"
"Hartola Hotila","1995","2","1","02:00","72.4","-"
"Hartola Hotila","1995","3","1","02:00","46.2","-"
"Hartola Hotila","1995","4","1","03:00","32.7","-"
"Hartola Hotila","1995","5","1","03:00","54.6","-"
"Hartola Hotila","1995","6","1","03:00","25.6","-"
"Hartola Hotila","1995","7","1","03:00","54","-"
"Hartola Hotila","1995","8","1","03:00","56.9","-"
"Hartola Hotila","1995","9","1","03:00","51.9","-"
"Hartola Hotila","1995","10","1","02:00","46.6","-"
"Hartola Hotila","1995","11","1","02:00","68.2","-"
"Hartola Hotila","1995","12","1","02:00","30.6","-"
"Hartola Hotila","1996","1","1","02:00","16.1","-"
"Hartola Hotila","1996","2","1","02:00","32.9","-"
"Hartola Hotila","1996","3","1","02:00","21.3","-"
"Hartola Hotila","1996","4","1","03:00","31.1","-"
"Hartola Hotila","1996","5","1","03:00","55.1","-"
"Hartola Hotila","1996","6","1","03:00","42.3","-"
"Hartola Hotila","1996","7","1","03:00","140.8","-"
"Hartola Hotila","1996","8","1","03:00","11.1","-"
"Hartola Hotila","1996","9","1","03:00","23.5","-"
"Hartola Hotila","1996","10","1","03:00","67.9","-"
"Hartola Hotila","1996","11","1","02:00","111.2","-"
"Hartola Hotila","1996","12","1","02:00","36.8","-"
"Hartola Hotila","1997","1","1","02:00","52.9","-"
"Hartola Hotila","1997","2","1","02:00","38.2","-"
"Hartola Hotila","1997","3","1","02:00","28.9","-"
"Hartola Hotila","1997","4","1","03:00","37.8","-"
"Hartola Hotila","1997","5","1","03:00","20.8","-"
"Hartola Hotila","1997","6","1","03:00","37.1","-"
"Hartola Hotila","1997","7","1","03:00","55","-"
"Hartola Hotila","1997","8","1","03:00","36.3","-"
"Hartola Hotila","1997","9","1","03:00","78.3","-"
"Hartola Hotila","1997","10","1","03:00","69.8","-"
"Hartola Hotila","1997","11","1","02:00","34.6","-"
"Hartola Hotila","1997","12","1","02:00","31.2","-"
"Hartola Hotila","1998","1","1","02:00","62.6","-"
"Hartola Hotila","1998","2","1","02:00","54.3","-"
"Hartola Hotila","1998","3","1","02:00","33.7","-"
"Hartola Hotila","1998","4","1","03:00","10.2","-"
"Hartola Hotila","1998","5","1","03:00","31.4","-"
"Hartola Hotila","1998","6","1","03:00","72.9","-"
"Hartola Hotila","1998","7","1","03:00","93","-"
"Hartola Hotila","1998","8","1","03:00","119","-"
"Hartola Hotila","1998","9","1","03:00","18.2","-"
"Hartola Hotila","1998","10","1","03:00","53.2","-"
"Hartola Hotila","1998","11","1","02:00","13.6","-"
"Hartola Hotila","1998","12","1","02:00","50.6","-"
"Hartola Hotila","1999","1","1","02:00","58.5","-"
"Hartola Hotila","1999","2","1","02:00","60","-"
"Hartola Hotila","1999","3","1","02:00","31","-"
"Hartola Hotila","1999","4","1","03:00","29.7","-"
"Hartola Hotila","1999","5","1","03:00","10.4","-"
"Hartola Hotila","1999","6","1","03:00","45.2","-"
"Hartola Hotila","1999","7","1","03:00","52.1","-"
"Hartola Hotila","1999","8","1","03:00","40.7","-"
"Hartola Hotila","1999","9","1","03:00","28.6","-"
"Hartola Hotila","1999","10","1","03:00","86.4","-"
"Hartola Hotila","1999","11","1","02:00","39.6","-"
"Hartola Hotila","1999","12","1","02:00","80.5","-"
"Hartola Hotila","2000","1","1","02:00","39.7","-"
"Hartola Hotila","2000","2","1","02:00","26.9","-"
"Hartola Hotila","2000","3","1","02:00","39","-"
"Hartola Hotila","2000","4","1","03:00","28.6","-"
"Hartola Hotila","2000","5","1","03:00","37.5","-"
"Hartola Hotila","2000","6","1","03:00","41.5","-"
"Hartola Hotila","2000","7","1","03:00","140.9","-"
"Hartola Hotila","2000","8","1","03:00","59.4","-"
"Hartola Hotila","2000","9","1","03:00","8","-"
"Hartola Hotila","2000","10","1","03:00","78.9","-"
"Hartola Hotila","2000","11","1","02:00","95.7","-"
"Hartola Hotila","2000","12","1","02:00","65.8","-"
"Hartola Hotila","2001","1","1","02:00","34.6","-"
"Hartola Hotila","2001","2","1","02:00","55","-"
"Hartola Hotila","2001","3","1","02:00","39","-"
"Hartola Hotila","2001","4","1","03:00","22.5","-"
"Hartola Hotila","2001","5","1","03:00","43.6","-"
"Hartola Hotila","2001","6","1","03:00","101.3","-"
"Hartola Hotila","2001","7","1","03:00","128.4","-"
"Hartola Hotila","2001","8","1","03:00","22.1","-"
"Hartola Hotila","2001","9","1","03:00","68.4","-"
"Hartola Hotila","2001","10","1","03:00","65.1","-"
"Hartola Hotila","2001","11","1","02:00","33.2","-"
"Hartola Hotila","2001","12","1","02:00","23.5","-"
"Hartola Hotila","2002","1","1","02:00","86.4","-"
"Hartola Hotila","2002","2","1","02:00","51.3","-"
"Hartola Hotila","2002","3","1","02:00","29","-"
"Hartola Hotila","2002","4","1","03:00","4.6","-"
"Hartola Hotila","2002","5","1","03:00","35.3","-"
"Hartola Hotila","2002","6","1","03:00","131.6","-"
"Hartola Hotila","2002","7","1","03:00","93.8","-"
"Hartola Hotila","2002","8","1","03:00","19.4","-"
"Hartola Hotila","2002","9","1","03:00","31","-"
"Hartola Hotila","2002","10","1","03:00","15.7","-"
"Hartola Hotila","2002","11","1","02:00","75.9","-"
"Hartola Hotila","2002","12","1","02:00","17.2","-"
"Hartola Hotila","2003","1","1","02:00","45.1","-"
"Hartola Hotila","2003","2","1","02:00","11.8","-"
"Hartola Hotila","2003","3","1","02:00","10.3","-"
"Hartola Hotila","2003","4","1","03:00","26.2","-"
"Hartola Hotila","2003","5","1","03:00","104","-"
"Hartola Hotila","2003","6","1","03:00","56.8","-"
"Hartola Hotila","2003","7","1","03:00","77.7","-"
"Hartola Hotila","2003","8","1","03:00","83.9","-"
"Hartola Hotila","2003","9","1","03:00","23.5","-"
"Hartola Hotila","2003","10","1","03:00","124.1","-"
"Hartola Hotila","2003","11","1","02:00","46.4","-"
"Hartola Hotila","2003","12","1","02:00","78","-"
"Hartola Hotila","2004","1","1","02:00","31.5","-"
"Hartola Hotila","2004","2","1","02:00","44.7","-"
"Hartola Hotila","2004","3","1","02:00","35.9","-"
"Hartola Hotila","2004","4","1","03:00","5","-"
"Hartola Hotila","2004","5","1","03:00","45.2","-"
"Hartola Hotila","2004","6","1","03:00","89.8","-"
"Hartola Hotila","2004","7","1","03:00","176.6","-"
"Hartola Hotila","2004","8","1","03:00","75.8","-"
"Hartola Hotila","2004","9","1","03:00","75.4","-"
"Hartola Hotila","2004","10","1","03:00","34","-"
"Hartola Hotila","2004","11","1","02:00","36.8","-"
"Hartola Hotila","2004","12","1","02:00","74.7","-"
"Hartola Hotila","2005","1","1","02:00","92.8","-"
"Hartola Hotila","2005","2","1","02:00","15.1","-"
"Hartola Hotila","2005","3","1","02:00","4.6","-"
"Hartola Hotila","2005","4","1","03:00","9.1","-"
"Hartola Hotila","2005","5","1","03:00","55.1","-"
"Hartola Hotila","2005","6","1","03:00","60.7","-"
"Hartola Hotila","2005","7","1","03:00","81","-"
"Hartola Hotila","2005","8","1","03:00","102.5","-"
"Hartola Hotila","2005","9","1","03:00","27.5","-"
"Hartola Hotila","2005","10","1","03:00","45.8","-"
"Hartola Hotila","2005","11","1","02:00","71.4","-"
"Hartola Hotila","2005","12","1","02:00","56.9","-"
"Hartola Hotila","2006","1","1","02:00","22.3","-"
"Hartola Hotila","2006","2","1","02:00","19.2","-"
"Hartola Hotila","2006","3","1","02:00","30.5","-"
"Hartola Hotila","2006","4","1","03:00","53.5","-"
"Hartola Hotila","2006","5","1","03:00","31.3","-"
"Hartola Hotila","2006","6","1","03:00","48","-"
"Hartola Hotila","2006","7","1","03:00","23.7","-"
"Hartola Hotila","2006","8","1","03:00","28.6","-"
"Hartola Hotila","2006","9","1","03:00","46.5","-"
"Hartola Hotila","2006","10","1","03:00","151.8","-"
"Hartola Hotila","2006","11","1","02:00","68.4","-"
"Hartola Hotila","2006","12","1","02:00","60.1","-"
"Hartola Hotila","2007","1","1","02:00","60.6","-"
"Hartola Hotila","2007","2","1","02:00","27.7","-"
"Hartola Hotila","2007","3","1","02:00","28.6","-"
"Hartola Hotila","2007","4","1","03:00","32.7","-"
"Hartola Hotila","2007","5","1","03:00","59.5","-"
"Hartola Hotila","2007","6","1","03:00","73.4","-"
"Hartola Hotila","2007","7","1","03:00","140.8","-"
"Hartola Hotila","2007","8","1","03:00","100.5","-"
"Hartola Hotila","2007","9","1","03:00","76.1","-"
"Hartola Hotila","2007","10","1","03:00","37.4","-"
"Hartola Hotila","2007","11","1","02:00","39.2","-"
"Hartola Hotila","2007","12","1","02:00","42.5","-"
"Havaintoasema","Vuosi","Kuukausi","Päivä","Aika [Paikallinen aika]","Kuukauden sadesumma [mm]","Kuukauden keskilämpötila [°C]"
"Tampere Härmälä","1997","5","1","03:00","-","-"
"Tampere Härmälä","1997","6","1","03:00","-","-"
"Tampere Härmälä","1997","7","1","03:00","-","-"
"Tampere Härmälä","1997","8","1","03:00","-","-"
"Tampere Härmälä","1997","9","1","03:00","-","10.4"
"Tampere Härmälä","1997","10","1","03:00","-","-"
"Tampere Härmälä","1997","11","1","02:00","-","-0.6"
"Tampere Härmälä","1997","12","1","02:00","-","-3.6"
"Tampere Härmälä","1998","1","1","02:00","-","-2.9"
"Tampere Härmälä","1998","2","1","02:00","-","-5.8"
"Tampere Härmälä","1998","3","1","02:00","-","-"
"Tampere Härmälä","1998","4","1","03:00","-","2.8"
"Tampere Härmälä","1998","5","1","03:00","-","-"
"Tampere Härmälä","1998","6","1","03:00","-","13.7"
"Tampere Härmälä","1998","7","1","03:00","-","15.7"
"Tampere Härmälä","1998","8","1","03:00","-","13.4"
"Tampere Härmälä","1998","9","1","03:00","-","10.6"
"Tampere Härmälä","1998","10","1","03:00","-","4.8"
"Tampere Härmälä","1998","11","1","02:00","-","-3.6"
"Tampere Härmälä","1998","12","1","02:00","-","-3.8"
"Tampere Härmälä","1999","1","1","02:00","-","-7.3"
"Tampere Härmälä","1999","2","1","02:00","-","-8.4"
"Tampere Härmälä","1999","3","1","02:00","-","-1.9"
"Tampere Härmälä","1999","4","1","03:00","-","5.1"
"Tampere Härmälä","1999","5","1","03:00","-","7.5"
"Tampere Härmälä","1999","6","1","03:00","-","17.7"
"Tampere Härmälä","1999","7","1","03:00","-","17.6"
"Tampere Härmälä","1999","8","1","03:00","-","13.9"
"Tampere Härmälä","1999","9","1","03:00","-","11.1"
"Tampere Härmälä","1999","10","1","03:00","-","5.9"
"Tampere Härmälä","1999","11","1","02:00","-","1.6"
"Tampere Härmälä","1999","12","1","02:00","-","-3.8"
"Tampere Härmälä","2000","1","1","02:00","-","-3.6"
"Tampere Härmälä","2000","2","1","02:00","-","-3.2"
"Tampere Härmälä","2000","3","1","02:00","-","-2.2"
"Tampere Härmälä","2000","4","1","03:00","-","5.1"
"Tampere Härmälä","2000","5","1","03:00","-","10.4"
"Tampere Härmälä","2000","6","1","03:00","-","14"
"Tampere Härmälä","2000","7","1","03:00","-","-"
"Tampere Härmälä","2000","8","1","03:00","-","14.1"
"Tampere Härmälä","2000","9","1","03:00","-","8.6"
"Tampere Härmälä","2000","10","1","03:00","-","8.3"
"Tampere Härmälä","2000","11","1","02:00","-","3.7"
"Tampere Härmälä","2000","12","1","02:00","-","0.5"
"Tampere Härmälä","2001","1","1","02:00","-","-2.5"
"Tampere Härmälä","2001","2","1","02:00","-","-9"
"Tampere Härmälä","2001","3","1","02:00","-","-4.7"
"Tampere Härmälä","2001","4","1","03:00","-","4.7"
"Tampere Härmälä","2001","5","1","03:00","-","9"
"Tampere Härmälä","2001","6","1","03:00","-","14.2"
"Tampere Härmälä","2001","7","1","03:00","-","19.1"
"Tampere Härmälä","2001","8","1","03:00","-","15.8"
"Tampere Härmälä","2001","9","1","03:00","-","11.5"
"Tampere Härmälä","2001","10","1","03:00","-","7.6"
"Tampere Härmälä","2001","11","1","02:00","-","0.2"
"Tampere Härmälä","2001","12","1","02:00","-","-7.3"
"Tampere Härmälä","2002","1","1","02:00","-","-4.3"
"Tampere Härmälä","2002","2","1","02:00","-","-1.2"
"Tampere Härmälä","2002","3","1","02:00","-","-0.3"
"Tampere Härmälä","2002","4","1","03:00","-","5.3"
"Tampere Härmälä","2002","5","1","03:00","-","11.4"
"Tampere Härmälä","2002","6","1","03:00","-","-"
"Tampere Härmälä","2002","7","1","03:00","-","18.4"
"Tampere Härmälä","2002","8","1","03:00","-","18.1"
"Tampere Härmälä","2002","9","1","03:00","-","10"
"Tampere Härmälä","2002","10","1","03:00","-","-0.2"
"Tampere Härmälä","2002","11","1","02:00","-","-4"
"Tampere Härmälä","2002","12","1","02:00","-","-9"
"Tampere Härmälä","2003","1","1","02:00","-","-11.2"
"Tampere Härmälä","2003","2","1","02:00","-","-7"
"Tampere Härmälä","2003","3","1","02:00","-","-0.9"
"Tampere Härmälä","2003","4","1","03:00","-","2.2"
"Tampere Härmälä","2003","5","1","03:00","-","10"
"Tampere Härmälä","2003","6","1","03:00","-","13"
"Tampere Härmälä","2003","7","1","03:00","-","20.3"
"Tampere Härmälä","2003","8","1","03:00","-","15.6"
"Tampere Härmälä","2003","9","1","03:00","-","10.8"
"Tampere Härmälä","2003","10","1","03:00","-","3"
"Tampere Härmälä","2003","11","1","02:00","-","1.9"
"Tampere Härmälä","2003","12","1","02:00","-","-2"
"Tampere Härmälä","2004","1","1","02:00","-","-7.9"
"Tampere Härmälä","2004","2","1","02:00","-","-5.2"
"Tampere Härmälä","2004","3","1","02:00","-","-1.7"
"Tampere Härmälä","2004","4","1","03:00","-","5"
"Tampere Härmälä","2004","5","1","03:00","-","9.6"
"Tampere Härmälä","2004","6","1","03:00","-","12.4"
"Tampere Härmälä","2004","7","1","03:00","-","16"
"Tampere Härmälä","2004","8","1","03:00","-","15.8"
"Tampere Härmälä","2004","9","1","03:00","-","11.4"
"Tampere Härmälä","2004","10","1","03:00","-","4.7"
"Tampere Härmälä","2004","11","1","02:00","-","-0.7"
"Tampere Härmälä","2004","12","1","02:00","-","-1.2"
"Tampere Härmälä","2005","1","1","02:00","-","-1.9"
"Tampere Härmälä","2005","2","1","02:00","-","-5.6"
"Tampere Härmälä","2005","3","1","02:00","-","-6.6"
"Tampere Härmälä","2005","4","1","03:00","-","4.3"
"Tampere Härmälä","2005","5","1","03:00","-","9.6"
"Tampere Härmälä","2005","6","1","03:00","-","13.7"
"Tampere Härmälä","2005","7","1","03:00","-","18.3"
"Tampere Härmälä","2005","8","1","03:00","-","15.3"
"Tampere Härmälä","2005","9","1","03:00","-","11.3"
"Tampere Härmälä","2005","11","1","02:00","-","3.6"
"Tampere Härmälä","2005","12","1","02:00","-","-4.6"
"Tampere Härmälä","2006","1","1","02:00","-","-5"
"Tampere Härmälä","2006","2","1","02:00","-","-9.3"
"Tampere Härmälä","2006","3","1","02:00","-","-7.7"
"Tampere Härmälä","2006","4","1","03:00","-","3.9"
"Tampere Härmälä","2006","5","1","03:00","-","10.2"
"Tampere Härmälä","2006","6","1","03:00","-","15.6"
"Tampere Härmälä","2006","7","1","03:00","-","18.1"
"Tampere Härmälä","2006","8","1","03:00","-","17.9"
"Tampere Härmälä","2006","9","1","03:00","-","12.9"
"Tampere Härmälä","2006","10","1","03:00","-","6.5"
"Tampere Härmälä","2006","11","1","02:00","-","1.4"
"Tampere Härmälä","2006","12","1","02:00","-","2.7"
"Tampere Härmälä","2007","1","1","02:00","-","-3.5"
"Tampere Härmälä","2007","2","1","02:00","-","-11.7"
"Tampere Härmälä","2007","3","1","02:00","-","2.2"
"Tampere Härmälä","2007","4","1","03:00","-","4.7"
"Tampere Härmälä","2007","5","1","03:00","-","10.3"
"Tampere Härmälä","2007","6","1","03:00","-","15.1"
"Tampere Härmälä","2007","7","1","03:00","92.9","16.4"
"Tampere Härmälä","2007","8","1","03:00","30.9","16.4"
"Tampere Härmälä","2007","9","1","03:00","52.4","10"
"Tampere Härmälä","2007","10","1","03:00","47.6","6.4"
"Tampere Härmälä","2007","11","1","02:00","40.4","-0.3"
"Tampere Härmälä","2007","12","1","02:00","57.6","1.1"
"Tampere Härmälä","2008","1","1","02:00","58.1","-1.2"
"Tampere Härmälä","2008","2","1","02:00","40.9","-0.8"
"Tampere Härmälä","2008","3","1","02:00","31","-1.5"
"Tampere Härmälä","2008","4","1","03:00","46.4","5.2"
"Tampere Härmälä","2008","5","1","03:00","10.6","10"
"Tampere Härmälä","2008","6","1","03:00","106.5","13.9"
"Tampere Härmälä","2008","7","1","03:00","47.6","16.2"
"Tampere Härmälä","2008","8","1","03:00","163.6","13.9"
"Tampere Härmälä","2008","9","1","03:00","22.8","8.7"
"Tampere Härmälä","2008","10","1","03:00","-","6.9"
"Tampere Härmälä","2008","11","1","02:00","61.6","1.4"
"Tampere Härmälä","2008","12","1","02:00","34.6","-0.1"
"Tampere Härmälä","2009","1","1","02:00","27.2","-5.3"
"Tampere Härmälä","2009","2","1","02:00","18.5","-5.3"
"Tampere Härmälä","2009","3","1","02:00","20.5","-2.4"
"Tampere Härmälä","2009","4","1","03:00","13","4.3"
"Tampere Härmälä","2009","5","1","03:00","23.7","11.4"
"Tampere Härmälä","2009","6","1","03:00","50.2","13.7"
"Tampere Härmälä","2009","7","1","03:00","123.7","16.4"
"Tampere Härmälä","2009","8","1","03:00","37.2","15.5"
"Tampere Härmälä","2009","9","1","03:00","41.8","11.8"
"Tampere Härmälä","2009","10","1","03:00","39.3","2.5"
"Tampere Härmälä","2009","11","1","02:00","67.8","1.9"
"Tampere Härmälä","2009","12","1","02:00","28.9","-6.6"
"Tampere Härmälä","2010","1","1","02:00","9.5","-12.8"
"Tampere Härmälä","2010","2","1","02:00","35.4","-9.6"
"Tampere Härmälä","2010","3","1","02:00","41.6","-2.7"
"Tampere Härmälä","2010","4","1","03:00","34.1","4.4"
"Tampere Härmälä","2010","5","1","03:00","51.9","11.6"
"Tampere Härmälä","2010","6","1","03:00","57.6","14"
"Tampere Härmälä","2010","7","1","03:00","39.1","21.4"
"Tampere Härmälä","2010","8","1","03:00","76.9","16.5"
"Tampere Härmälä","2010","9","1","03:00","105.6","10.6"
"Tampere Härmälä","2010","10","1","03:00","26.9","4.1"
"Tampere Härmälä","2010","11","1","02:00","59.4","-3.3"
"Tampere Härmälä","2010","12","1","02:00","28.1","-11.7"
"Tampere Härmälä","2011","1","1","02:00","59.7","-6.7"
"Tampere Härmälä","2011","2","1","02:00","16","-12.5"
"Tampere Härmälä","2011","3","1","02:00","19.3","-2.1"
"Tampere Härmälä","2011","4","1","03:00","19.3","5.3"
"Tampere Härmälä","2011","5","1","03:00","38.6","10.3"
"Tampere Härmälä","2011","6","1","03:00","45.6","17"
"Tampere Härmälä","2011","7","1","03:00","57.4","19.5"
"Tampere Härmälä","2011","8","1","03:00","43.1","16.1"
"Tampere Härmälä","2011","9","1","03:00","92.7","12.4"
"Tampere Härmälä","2011","10","1","03:00","44.5","6.7"
"Tampere Härmälä","2011","11","1","02:00","35.3","3.9"
"Tampere Härmälä","2011","12","1","02:00","101","1.1"
"Tampere Härmälä","2012","1","1","02:00","42","-6.7"
"Tampere Härmälä","2012","2","1","02:00","33.8","-8.7"
"Tampere Härmälä","2012","3","1","02:00","46.7","-0.4"
"Tampere Härmälä","2012","4","1","03:00","59.7","2.9"
"Tampere Härmälä","2012","5","1","03:00","47.6","10.5"
"Tampere Härmälä","2012","6","1","03:00","63.9","12.8"
"Tampere Härmälä","2012","7","1","03:00","121.6","17.3"
"Tampere Härmälä","2012","8","1","03:00","30.5","15"
"Tampere Härmälä","2012","9","1","03:00","90","10.6"
"Tampere Härmälä","2012","10","1","03:00","107.9","4.7"
"Tampere Härmälä","2012","11","1","02:00","42.8","2.4"
"Tampere Härmälä","2012","12","1","02:00","47.9","-8.7"
"Tampere Härmälä","2013","1","1","02:00","29.2","-6"
"Tampere Härmälä","2013","2","1","02:00","19.8","-2.7"
"Tampere Härmälä","2013","3","1","02:00","8.6","-7.5"
"Tampere Härmälä","2013","4","1","03:00","41.4","2.6"
"Tampere Härmälä","2013","5","1","03:00","12.1","13.1"
"Tampere Härmälä","2013","6","1","03:00","64.2","17.1"
"Tampere Härmälä","2013","7","1","03:00","100.8","16.9"
"Tampere Härmälä","2013","8","1","03:00","93.4","15.8"
"Tampere Härmälä","2013","9","1","03:00","14","11"
"Tampere Härmälä","2013","10","1","03:00","76.2","5.7"
"Tampere Härmälä","2013","11","1","02:00","67.1","2.7"
"Tampere Härmälä","2013","12","1","02:00","55.4","0.7"
"Tampere Härmälä","2014","1","1","02:00","27.2","-9.2"
"Tampere Härmälä","2014","2","1","02:00","18.4","-0.2"
"Tampere Härmälä","2014","3","1","02:00","23.5","1.3"
"Tampere Härmälä","2014","4","1","03:00","10","4.8"
"Tampere Härmälä","2014","5","1","03:00","44.1","10.4"
"Tampere Härmälä","2014","6","1","03:00","83.6","12.9"
"Tampere Härmälä","2014","7","1","03:00","40.5","19.6"
"Tampere Härmälä","2014","8","1","03:00","109.8","16.6"
"Tampere Härmälä","2014","9","1","03:00","36.8","11.1"
"Tampere Härmälä","2014","10","1","03:00","43","5.4"
"Tampere Härmälä","2014","11","1","02:00","38.5","1.7"
"Tampere Härmälä","2014","12","1","02:00","50.4","-1.7"
"Tampere Härmälä","2015","1","1","02:00","63.1","-3.3"
"Tampere Härmälä","2015","2","1","02:00","18.5","-0.9"
"Tampere Härmälä","2015","3","1","02:00","33.5","0.9"
"Tampere Härmälä","2015","4","1","03:00","30.1","4.7"
"Tampere Härmälä","2015","5","1","03:00","37.6","9.3"
"Tampere Härmälä","2015","6","1","03:00","71.5","12.6"
"Tampere Härmälä","2015","7","1","03:00","114.3","15.6"
"Tampere Härmälä","2015","8","1","03:00","14.2","16.2"
"Tampere Härmälä","2015","9","1","03:00","55.6","11.7"
"Tampere Härmälä","2015","10","1","03:00","13.5","4.6"
"Tampere Härmälä","2015","11","1","02:00","60.2","3.7"
"Tampere Härmälä","2015","12","1","02:00","69.4","1.6"
"Tampere Härmälä","2016","1","1","02:00","34.8","-11.4"
"Tampere Härmälä","2016","2","1","02:00","57.8","-1.4"
"Tampere Härmälä","2016","3","1","02:00","12.1","-0.2"
"Tampere Härmälä","2016","4","1","03:00","64.9","4.3"
"Tampere Härmälä","2016","5","1","03:00","27.5","13"
"Tampere Härmälä","2016","6","1","03:00","72.3","15"
"Tampere Härmälä","2016","7","1","03:00","76.1","17.1"
"Tampere Härmälä","2016","8","1","03:00","67","15"
"Tampere Härmälä","2016","9","1","03:00","34.9","11.5"
"Tampere Härmälä","2016","10","1","03:00","8","3.6"
"Tampere Härmälä","2016","11","1","02:00","58.8","-1.3"
"Tampere Härmälä","2016","12","1","02:00","21.8","-1.6"
"Tampere Härmälä","2017","1","1","02:00","13.4","-3.3"
"Tampere Härmälä","2017","2","1","02:00","20.6","-4.1"
"Tampere Härmälä","2017","3","1","02:00","28.8","0.5"
"Tampere Härmälä","2017","4","1","03:00","44.3","1.9"
"Tampere Härmälä","2017","5","1","03:00","12","8.7"
"Tampere Härmälä","2017","6","1","03:00","137.4","13.1"
"Tampere Härmälä","2017","7","1","03:00","55.8","15.2"
"Tampere Härmälä","2017","8","1","03:00","72.7","14.8"
"Tampere Härmälä","2017","9","1","03:00","62.4","10.3"
"Tampere Härmälä","2017","10","1","03:00","115.2","4.4"
"Tampere Härmälä","2017","11","1","02:00","44","2.2"
"Tampere Härmälä","2017","12","1","02:00","74.5","-0.3"
"Tampere Härmälä","2018","1","1","02:00","50.4","-3.5"
"Tampere Härmälä","2018","2","1","02:00","20.1","-9.8"
"Tampere Härmälä","2018","3","1","02:00","30.1","-6.2"
"Tampere Härmälä","2018","4","1","03:00","36","4.1"
"Tampere Härmälä","2018","5","1","03:00","21.7","14.4"
"Tampere Härmälä","2018","6","1","03:00","54.9","14.7"
"Tampere Härmälä","2018","7","1","03:00","61.3","20.7"
"Tampere Härmälä","2018","8","1","03:00","53.7","17"
"Tampere Härmälä","2018","9","1","03:00","72","12.1"
"Tampere Härmälä","2018","10","1","03:00","32.7","5.8"
"Tampere Härmälä","2018","11","1","02:00","12.6","2.4"
"Tampere Härmälä","2018","12","1","02:00","23.1","-2.5"
"Tampere Härmälä","2019","1","1","02:00","47.8","-7.7"
"Tampere Härmälä","2019","2","1","02:00","38.3","-1.4"
"Tampere Härmälä","2019","3","1","02:00","28","-1"
"Tampere Härmälä","2019","4","1","03:00","9.8","5.9"
"Tampere Härmälä","2019","5","1","03:00","57.8","9.9"
"Tampere Härmälä","2019","6","1","03:00","35","16.8"
"Tampere Härmälä","2019","7","1","03:00","52.9","16.7"
"Tampere Härmälä","2019","8","1","03:00","44.6","16.2"
"Tampere Härmälä","2019","9","1","03:00","48.4","10.3"
"Tampere Härmälä","2019","10","1","03:00","68.6","4.1"
"Tampere Härmälä","2019","11","1","02:00","100.9","0.5"
"Tampere Härmälä","2019","12","1","02:00","70.8","0.4"
"Tampere Härmälä","2020","1","1","02:00","51.9","1.4"
"Tampere Härmälä","2020","2","1","02:00","58.4","-0.6"
"Tampere Härmälä","2020","3","1","02:00","42.1","0.9"
"Tampere Härmälä","2020","4","1","03:00","30","3.8"
"Tampere Härmälä","2020","5","1","03:00","22.7","8.8"
"Tampere Härmälä","2020","6","1","03:00","40.2","18.7"
"Tampere Härmälä","2020","7","1","03:00","83.5","15.4"
"Tampere Härmälä","2020","8","1","03:00","41.5","16.1"
"Tampere Härmälä","2020","9","1","03:00","44.1","12.2"
"Tampere Härmälä","2020","10","1","03:00","71.4","7.2"
"Tampere Härmälä","2020","11","1","02:00","55.7","4"
"Tampere Härmälä","2020","12","1","02:00","59.9","0.3"
"Tampere Härmälä","2021","1","1","02:00","59.5","-5.1"
"Tampere Härmälä","2021","2","1","02:00","19.8","-8.3"
"Tampere Härmälä","2021","3","1","02:00","20.2","-0.9"
"Tampere Härmälä","2021","4","1","03:00","33.8","3.8"
"Tampere Härmälä","2021","5","1","03:00","106.2","9.9"
"Tampere Härmälä","2021","6","1","03:00","31.8","19"
"Tampere Härmälä","2021","7","1","03:00","42.8","20.2"
"Tampere Härmälä","2021","8","1","03:00","130.1","14.8"
"Tampere Härmälä","2021","9","1","03:00","36.4","9"
"Tampere Härmälä","2021","10","1","03:00","89","7.5"
"Tampere Härmälä","2021","11","1","02:00","32.5","0.6"
"Tampere Härmälä","2021","12","1","02:00","17.5","-7"
"Tampere Härmälä","2022","1","1","02:00","58.3","-4.2"
"Tampere Härmälä","2022","2","1","02:00","59.1","-3"
"Tampere Härmälä","2022","3","1","02:00","9.6","-0.3"
"Tampere Härmälä","2022","4","1","03:00","57.6","2.6"
"Tampere Härmälä","2022","5","1","03:00","41.7","9.6"
"Tampere Härmälä","2022","6","1","03:00","30.9","16.6"
"Tampere Härmälä","2022","7","1","03:00","60.5","17.5"
"Tampere Härmälä","2022","8","1","03:00","101.9","18.1"
"Tampere Härmälä","2022","9","1","03:00","22","8.8"
"Tampere Härmälä","2022","10","1","03:00","55.9","6.9"
"Tampere Härmälä","2022","11","1","02:00","27.7","1.7"
"Tampere Härmälä","2022","12","1","02:00","46.9","-4"
"Tampere Härmälä","2023","1","1","02:00","51.3","-2"
"Tampere Härmälä","2023","2","1","02:00","21","-2.9"
"Tampere Härmälä","2023","3","1","02:00","69.9","-3"
"Tampere Härmälä","2023","4","1","03:00","19.6","4.3"
"Tampere Härmälä","2023","5","1","03:00","32.6","10.4"
"Tampere Härmälä","2023","6","1","03:00","21.5","16"
"Tampere Härmälä","2023","7","1","03:00","135.8","16.3"
"Tampere Härmälä","2023","8","1","03:00","116.9","16.8"
"Tampere Härmälä","2023","9","1","03:00","62.4","14.2"
"Tampere Härmälä","2023","10","1","03:00","97.6","3"
"Tampere Härmälä","2023","11","1","02:00","57.5","-1.7"
"Tampere Härmälä","2023","12","1","02:00","33.4","-6.2"
"Tampere Härmälä","2024","1","1","02:00","29.9","-9.6"
"Tampere Härmälä","2024","2","1","02:00","48.1","-4.9"
"Tampere Härmälä","2024","3","1","02:00","34.3","-0.3"
"Tampere Härmälä","2024","4","1","03:00","29.8","2.7"
"Tampere Härmälä","2024","5","1","03:00","3.3","14"
"Tampere Härmälä","2024","6","1","03:00","76.4","16.7"
"Tampere Härmälä","2024","7","1","03:00","95.6","18.1"
"Tampere Härmälä","2024","8","1","03:00","78.1","16.8"
"Tampere Härmälä","2024","9","1","03:00","71.1","13.2"
"Tampere Härmälä","2024","10","1","03:00","59.1","6.9"
"Tampere Härmälä","2024","11","1","02:00","79.6","2.4"
"Tampere Härmälä","2024","12","1","02:00","77.2","-1.5"
"Tampere Härmälä","2025","1","1","02:00","37.7","-2.1"
"Tampere Härmälä","2025","2","1","02:00","16.9","-3.1"
"Tampere Härmälä","2025","3","1","02:00","14.8","1.7"
"Tampere Härmälä","2025","4","1","03:00","21.2","5.5"
"Tampere Härmälä","2025","5","1","03:00","51.8","9.3"
"Tampere Härmälä","2025","6","1","03:00","103.4","14"
"Tampere Härmälä","2025","7","1","03:00","55.7","20"
"Tampere Härmälä","2025","8","1","03:00","107.3","14.8"
"Tampere Härmälä","2025","9","1","03:00","73.8","13.1"
"Tampere Härmälä","2025","10","1","03:00","70.1","6.5"
"Tampere Härmälä","2025","11","1","02:00","54.4","2.8"
"Tampere Härmälä","2025","12","1","02:00","50.7","1.1"
"Havaintoasema","Vuosi","Kuukausi","Päivä","Aika [Paikallinen aika]","Kuukauden sadesumma [mm]","Kuukauden keskilämpötila [°C]"
"Peräseinäjoki Haukineva","1991","2","1","02:00","14.8","-8.9"
"Peräseinäjoki Haukineva","1991","3","1","02:00","40.8","-1.8"
"Peräseinäjoki Haukineva","1991","4","1","03:00","19.1","3.4"
"Peräseinäjoki Haukineva","1991","5","1","03:00","48.7","6.3"
"Peräseinäjoki Haukineva","1991","6","1","03:00","101.4","11.8"
"Peräseinäjoki Haukineva","1991","7","1","03:00","68.2","16.2"
"Peräseinäjoki Haukineva","1991","8","1","03:00","74.2","15.1"
"Peräseinäjoki Haukineva","1991","9","1","03:00","86.3","7.7"
"Peräseinäjoki Haukineva","1991","10","1","02:00","49.3","4.9"
"Peräseinäjoki Haukineva","1991","11","1","02:00","57.2","1.9"
"Peräseinäjoki Haukineva","1991","12","1","02:00","45.1","-2.4"
"Peräseinäjoki Haukineva","1992","1","1","02:00","43.6","-2.9"
"Peräseinäjoki Haukineva","1992","2","1","02:00","42","-3.3"
"Peräseinäjoki Haukineva","1992","3","1","02:00","36.1","0.3"
"Peräseinäjoki Haukineva","1992","4","1","03:00","38.5","-0.2"
"Peräseinäjoki Haukineva","1992","5","1","03:00","22.3","10.8"
"Peräseinäjoki Haukineva","1992","6","1","03:00","30.9","15.2"
"Peräseinäjoki Haukineva","1992","7","1","03:00","123.9","14.5"
"Peräseinäjoki Haukineva","1992","8","1","03:00","99.6","12.9"
"Peräseinäjoki Haukineva","1992","9","1","03:00","110.1","10.3"
"Peräseinäjoki Haukineva","1992","10","1","02:00","84.1","-2.7"
"Peräseinäjoki Haukineva","1992","11","1","02:00","59.2","-3.8"
"Peräseinäjoki Haukineva","1992","12","1","02:00","47.4","-0.2"
"Peräseinäjoki Haukineva","1993","1","1","02:00","48.5","-3.2"
"Peräseinäjoki Haukineva","1993","2","1","02:00","13.4","-4.1"
"Peräseinäjoki Haukineva","1993","3","1","02:00","32","-0.9"
"Peräseinäjoki Haukineva","1993","4","1","03:00","18.2","2.8"
"Peräseinäjoki Haukineva","1993","5","1","03:00","19.6","11.9"
"Peräseinäjoki Haukineva","1993","6","1","03:00","73.9","10.4"
"Peräseinäjoki Haukineva","1993","7","1","03:00","131.1","15.1"
"Peräseinäjoki Haukineva","1993","8","1","03:00","119.7","12.2"
"Peräseinäjoki Haukineva","1993","9","1","03:00","34.3","4.7"
"Havaintoasema","Vuosi","Kuukausi","Päivä","Aika [Paikallinen aika]","Kuukauden sadesumma [mm]","Kuukauden keskilämpötila [°C]"
"Kerimäki Yläkuona","1991","2","1","02:00","47.6","-"
"Kerimäki Yläkuona","1991","3","1","02:00","36.2","-"
"Kerimäki Yläkuona","1991","4","1","03:00","28","-"
"Kerimäki Yläkuona","1991","5","1","03:00","41.6","-"
"Kerimäki Yläkuona","1991","6","1","03:00","91.4","-"
"Kerimäki Yläkuona","1991","7","1","03:00","69.5","-"
"Kerimäki Yläkuona","1991","8","1","03:00","119.5","-"
"Kerimäki Yläkuona","1991","9","1","03:00","59.8","-"
"Kerimäki Yläkuona","1991","10","1","02:00","49.6","-"
"Kerimäki Yläkuona","1991","11","1","02:00","79.8","-"
"Kerimäki Yläkuona","1991","12","1","02:00","51.3","-"
"Kerimäki Yläkuona","1992","1","1","02:00","40.5","-"
"Kerimäki Yläkuona","1992","2","1","02:00","40.4","-"
"Kerimäki Yläkuona","1992","3","1","02:00","47.7","-"
"Kerimäki Yläkuona","1992","4","1","03:00","71.1","-"
"Kerimäki Yläkuona","1992","5","1","03:00","10.9","-"
"Kerimäki Yläkuona","1992","6","1","03:00","20.7","-"
"Kerimäki Yläkuona","1992","7","1","03:00","46","-"
"Kerimäki Yläkuona","1992","8","1","03:00","88.8","-"
"Kerimäki Yläkuona","1992","9","1","03:00","68.7","-"
"Kerimäki Yläkuona","1992","10","1","02:00","68.2","-"
"Kerimäki Yläkuona","1992","11","1","02:00","67.2","-"
"Kerimäki Yläkuona","1992","12","1","02:00","22.4","-"
"Kerimäki Yläkuona","1993","1","1","02:00","33.2","-"
"Kerimäki Yläkuona","1993","2","1","02:00","27.2","-"
"Kerimäki Yläkuona","1993","3","1","02:00","21","-"
"Kerimäki Yläkuona","1993","4","1","03:00","23","-"
"Kerimäki Yläkuona","1993","5","1","03:00","19","-"
"Kerimäki Yläkuona","1993","6","1","03:00","98.2","-"
"Kerimäki Yläkuona","1993","7","1","03:00","98.7","-"
"Kerimäki Yläkuona","1993","8","1","03:00","104.8","-"
"Kerimäki Yläkuona","1993","9","1","03:00","44.6","-"
"Kerimäki Yläkuona","1993","10","1","02:00","56.6","-"
"Kerimäki Yläkuona","1993","11","1","02:00","10.6","-"
"Kerimäki Yläkuona","1993","12","1","02:00","75","-"
"Kerimäki Yläkuona","1994","1","1","02:00","58.7","-"
"Kerimäki Yläkuona","1994","2","1","02:00","4.4","-"
"Kerimäki Yläkuona","1994","3","1","02:00","58.9","-"
"Kerimäki Yläkuona","1994","4","1","03:00","38","-"
"Kerimäki Yläkuona","1994","5","1","03:00","28.1","-"
"Kerimäki Yläkuona","1994","6","1","03:00","35.5","-"
"Kerimäki Yläkuona","1994","7","1","03:00","25.2","-"
"Kerimäki Yläkuona","1994","8","1","03:00","58.8","-"
"Kerimäki Yläkuona","1994","9","1","03:00","161.6","-"
"Kerimäki Yläkuona","1994","10","1","02:00","114.8","-"
"Kerimäki Yläkuona","1994","11","1","02:00","25.6","-"
"Kerimäki Yläkuona","1994","12","1","02:00","59.2","-"
"Kerimäki Yläkuona","1995","1","1","02:00","46.2","-"
"Kerimäki Yläkuona","1995","2","1","02:00","53.8","-"
"Kerimäki Yläkuona","1995","3","1","02:00","49.4","-"
"Kerimäki Yläkuona","1995","4","1","03:00","40.2","-"
"Kerimäki Yläkuona","1995","5","1","03:00","80.1","-"
"Kerimäki Yläkuona","1995","6","1","03:00","32.6","-"
"Kerimäki Yläkuona","1995","7","1","03:00","47.8","-"
"Kerimäki Yläkuona","1995","8","1","03:00","66.6","-"
"Kerimäki Yläkuona","1995","9","1","03:00","55.5","-"
"Kerimäki Yläkuona","1995","10","1","02:00","58.1","-"
"Kerimäki Yläkuona","1995","11","1","02:00","69.7","-"
"Kerimäki Yläkuona","1995","12","1","02:00","18.8","-"
"Kerimäki Yläkuona","1996","1","1","02:00","14.4","-"
"Kerimäki Yläkuona","1996","2","1","02:00","43.6","-"
"Kerimäki Yläkuona","1996","3","1","02:00","26.5","-"
"Kerimäki Yläkuona","1996","4","1","03:00","28.8","-"
"Kerimäki Yläkuona","1996","5","1","03:00","82","-"
"Kerimäki Yläkuona","1996","6","1","03:00","53.2","-"
"Kerimäki Yläkuona","1996","7","1","03:00","77.2","-"
"Kerimäki Yläkuona","1996","8","1","03:00","18.1","-"
"Kerimäki Yläkuona","1996","9","1","03:00","34.3","-"
"Kerimäki Yläkuona","1996","10","1","03:00","42.2","-"
"Kerimäki Yläkuona","1996","11","1","02:00","111.4","-"
"Kerimäki Yläkuona","1996","12","1","02:00","71.3","-"
"Kerimäki Yläkuona","1997","1","1","02:00","43","-"
"Kerimäki Yläkuona","1997","2","1","02:00","36.7","-"
"Kerimäki Yläkuona","1997","3","1","02:00","29.9","-"
"Kerimäki Yläkuona","1997","4","1","03:00","35.6","-"
"Kerimäki Yläkuona","1997","5","1","03:00","17.5","-"
"Kerimäki Yläkuona","1997","6","1","03:00","38","-"
"Kerimäki Yläkuona","1997","7","1","03:00","43.9","-"
"Kerimäki Yläkuona","1997","8","1","03:00","15.5","-"
"Kerimäki Yläkuona","1997","9","1","03:00","74.2","-"
"Kerimäki Yläkuona","1997","10","1","03:00","77.3","-"
"Kerimäki Yläkuona","1997","11","1","02:00","51","-"
"Kerimäki Yläkuona","1997","12","1","02:00","35.7","-"
"Kerimäki Yläkuona","1998","1","1","02:00","65.3","-"
"Kerimäki Yläkuona","1998","2","1","02:00","54.2","-"
"Havaintoasema","Vuosi","Kuukausi","Päivä","Aika [Paikallinen aika]","Kuukauden sadesumma [mm]","Kuukauden keskilämpötila [°C]"
"Mäntyharju Toivola","1991","2","1","02:00","20.6","-"
"Mäntyharju Toivola","1991","3","1","02:00","38.4","-"
"Mäntyharju Toivola","1991","4","1","03:00","21","-"
"Mäntyharju Toivola","1991","5","1","03:00","37.9","-"
"Mäntyharju Toivola","1991","6","1","03:00","87.9","-"
"Mäntyharju Toivola","1991","7","1","03:00","47.6","-"
"Mäntyharju Toivola","1991","8","1","03:00","76.6","-"
"Mäntyharju Toivola","1991","9","1","03:00","34.9","-"
"Mäntyharju Toivola","1991","10","1","02:00","34.3","-"
"Mäntyharju Toivola","1991","11","1","02:00","64.1","-"
"Mäntyharju Toivola","1991","12","1","02:00","36.9","-"
"Mäntyharju Toivola","1992","1","1","02:00","34.5","-"
"Mäntyharju Toivola","1992","2","1","02:00","25.9","-"
"Mäntyharju Toivola","1992","3","1","02:00","38.5","-"
"Mäntyharju Toivola","1992","4","1","03:00","44.7","-"
"Mäntyharju Toivola","1992","5","1","03:00","5","-"
"Mäntyharju Toivola","1992","6","1","03:00","16.9","-"
"Mäntyharju Toivola","1992","7","1","03:00","35.2","-"
"Mäntyharju Toivola","1992","8","1","03:00","72.9","-"
"Mäntyharju Toivola","1992","9","1","03:00","71.1","-"
"Mäntyharju Toivola","1992","10","1","02:00","91.3","-"
"Mäntyharju Toivola","1992","11","1","02:00","81.2","-"
"Mäntyharju Toivola","1992","12","1","02:00","10.7","-"
"Mäntyharju Toivola","1993","1","1","02:00","34.6","-"
"Mäntyharju Toivola","1993","2","1","02:00","21.1","-"
"Mäntyharju Toivola","1993","3","1","02:00","20.7","-"
"Mäntyharju Toivola","1993","4","1","03:00","23.1","-"
"Mäntyharju Toivola","1993","5","1","03:00","20.4","-"
"Mäntyharju Toivola","1993","6","1","03:00","64.7","-"
"Mäntyharju Toivola","1993","7","1","03:00","78.3","-"
"Mäntyharju Toivola","1993","8","1","03:00","99.6","-"
"Mäntyharju Toivola","1993","9","1","03:00","19.1","-"
"Mäntyharju Toivola","1993","10","1","02:00","48.9","-"
"Mäntyharju Toivola","1993","11","1","02:00","6.7","-"
"Mäntyharju Toivola","1993","12","1","02:00","59.6","-"
"Mäntyharju Toivola","1994","1","1","02:00","53.9","-"
"Mäntyharju Toivola","1994","2","1","02:00","3.1","-"
"Mäntyharju Toivola","1994","3","1","02:00","49.9","-"
"Mäntyharju Toivola","1994","4","1","03:00","50.1","-"
"Mäntyharju Toivola","1994","5","1","03:00","40.8","-"
"Mäntyharju Toivola","1994","6","1","03:00","42.6","-"
"Mäntyharju Toivola","1994","7","1","03:00","24.4","-"
"Mäntyharju Toivola","1994","8","1","03:00","95.9","-"
"Mäntyharju Toivola","1994","9","1","03:00","91.6","-"
"Mäntyharju Toivola","1994","10","1","02:00","94.8","-"
"Mäntyharju Toivola","1994","11","1","02:00","27","-"
"Mäntyharju Toivola","1994","12","1","02:00","41.3","-"
"Mäntyharju Toivola","1995","1","1","02:00","33.9","-"
"Mäntyharju Toivola","1995","2","1","02:00","52.1","-"
"Mäntyharju Toivola","1995","3","1","02:00","43.4","-"
"Mäntyharju Toivola","1995","4","1","03:00","32.2","-"
"Mäntyharju Toivola","1995","5","1","03:00","53.4","-"
"Mäntyharju Toivola","1995","6","1","03:00","33.8","-"
"Mäntyharju Toivola","1995","7","1","03:00","28.7","-"
"Mäntyharju Toivola","1995","8","1","03:00","38","-"
"Mäntyharju Toivola","1995","9","1","03:00","44.2","-"
"Mäntyharju Toivola","1995","10","1","02:00","35.4","-"
"Mäntyharju Toivola","1995","11","1","02:00","48.6","-"
"Mäntyharju Toivola","1995","12","1","02:00","17.8","-"
"Mäntyharju Toivola","1996","1","1","02:00","6.1","-"
"Mäntyharju Toivola","1996","2","1","02:00","21.3","-"
"Mäntyharju Toivola","1996","3","1","02:00","16.3","-"
"Mäntyharju Toivola","1996","4","1","03:00","34.6","-"
"Mäntyharju Toivola","1996","5","1","03:00","47.9","-"
"Mäntyharju Toivola","1996","6","1","03:00","38.6","-"
"Mäntyharju Toivola","1996","7","1","03:00","129.1","-"
"Mäntyharju Toivola","1996","8","1","03:00","10.3","-"
"Mäntyharju Toivola","1996","9","1","03:00","19.9","-"
"Mäntyharju Toivola","1996","10","1","03:00","48.7","-"
"Mäntyharju Toivola","1996","11","1","02:00","106.5","-"
"Mäntyharju Toivola","1996","12","1","02:00","34.4","-"
"Mäntyharju Toivola","1997","1","1","02:00","34.1","-"
"Mäntyharju Toivola","1997","2","1","02:00","27.3","-"
"Mäntyharju Toivola","1997","3","1","02:00","20.8","-"
"Mäntyharju Toivola","1997","4","1","03:00","44","-"
"Mäntyharju Toivola","1997","5","1","03:00","24","-"
"Mäntyharju Toivola","1997","6","1","03:00","34.9","-"
"Mäntyharju Toivola","1997","7","1","03:00","51.8","-"
"Mäntyharju Toivola","1997","8","1","03:00","21.5","-"
"Mäntyharju Toivola","1997","9","1","03:00","76.3","-"
"Mäntyharju Toivola","1997","10","1","03:00","50","-"
"Mäntyharju Toivola","1997","11","1","02:00","35.4","-"
"Mäntyharju Toivola","1997","12","1","02:00","22","-"
"Mäntyharju Toivola","1998","1","1","02:00","49.6","-"
"Mäntyharju Toivola","1998","2","1","02:00","39.5","-"
"Mäntyharju Toivola","1998","3","1","02:00","15.9","-"
"Mäntyharju Toivola","1998","4","1","03:00","10.4","-"
"Mäntyharju Toivola","1998","5","1","03:00","21.1","-"
"Mäntyharju Toivola","1998","6","1","03:00","88.7","-"
"Mäntyharju Toivola","1998","7","1","03:00","81.5","-"
"Mäntyharju Toivola","1998","8","1","03:00","101.4","-"
"Mäntyharju Toivola","1998","9","1","03:00","27.8","-"
"Mäntyharju Toivola","1998","10","1","03:00","70.1","-"
"Mäntyharju Toivola","1998","11","1","02:00","8.8","-"
"Mäntyharju Toivola","1998","12","1","02:00","47.8","-"
"Mäntyharju Toivola","1999","1","1","02:00","43.9","-"
"Mäntyharju Toivola","1999","2","1","02:00","56.4","-"
"Mäntyharju Toivola","1999","3","1","02:00","15.2","-"
"Mäntyharju Toivola","1999","4","1","03:00","34.3","-"
"Mäntyharju Toivola","1999","5","1","03:00","13.2","-"
"Mäntyharju Toivola","1999","6","1","03:00","39.7","-"
"Mäntyharju Toivola","1999","7","1","03:00","56.7","-"
"Mäntyharju Toivola","1999","8","1","03:00","38.8","-"
"Mäntyharju Toivola","1999","9","1","03:00","34.7","-"
"Mäntyharju Toivola","1999","10","1","03:00","72.4","-"
"Mäntyharju Toivola","1999","11","1","02:00","24.5","-"
"Mäntyharju Toivola","1999","12","1","02:00","64","-"
"Mäntyharju Toivola","2000","1","1","02:00","30.7","-"
"Mäntyharju Toivola","2000","2","1","02:00","23.5","-"
"Mäntyharju Toivola","2000","3","1","02:00","31.4","-"
"Mäntyharju Toivola","2000","4","1","03:00","17","-"
"Mäntyharju Toivola","2000","5","1","03:00","36.1","-"
"Mäntyharju Toivola","2000","6","1","03:00","50.2","-"
"Mäntyharju Toivola","2000","7","1","03:00","68.2","-"
"Mäntyharju Toivola","2000","8","1","03:00","34.8","-"
"Mäntyharju Toivola","2000","9","1","03:00","7.9","-"
"Mäntyharju Toivola","2000","10","1","03:00","68.7","-"
"Mäntyharju Toivola","2000","11","1","02:00","83.1","-"
"Mäntyharju Toivola","2000","12","1","02:00","55.8","-"
"Mäntyharju Toivola","2001","1","1","02:00","27.4","-"
"Mäntyharju Toivola","2001","2","1","02:00","49.2","-"
"Mäntyharju Toivola","2001","3","1","02:00","36.5","-"
"Mäntyharju Toivola","2001","4","1","03:00","21.9","-"
"Mäntyharju Toivola","2001","5","1","03:00","46.2","-"
"Mäntyharju Toivola","2001","6","1","03:00","95","-"
"Mäntyharju Toivola","2001","7","1","03:00","115.6","-"
"Mäntyharju Toivola","2001","8","1","03:00","22.1","-"
"Mäntyharju Toivola","2001","9","1","03:00","62.9","-"
"Mäntyharju Toivola","2001","10","1","03:00","62.5","-"
"Mäntyharju Toivola","2001","11","1","02:00","20.3","-"
"Mäntyharju Toivola","2001","12","1","02:00","15.6","-"
"Mäntyharju Toivola","2002","1","1","02:00","83.4","-"
"Mäntyharju Toivola","2002","2","1","02:00","41.5","-"
"Mäntyharju Toivola","2002","3","1","02:00","29.9","-"
"Mäntyharju Toivola","2002","4","1","03:00","16.9","-"
"Mäntyharju Toivola","2002","5","1","03:00","37.9","-"
"Mäntyharju Toivola","2002","6","1","03:00","133.8","-"
"Mäntyharju Toivola","2002","7","1","03:00","54.1","-"
"Mäntyharju Toivola","2002","8","1","03:00","15.6","-"
"Mäntyharju Toivola","2002","9","1","03:00","23.7","-"
"Mäntyharju Toivola","2002","10","1","03:00","7.2","-"
"Mäntyharju Toivola","2002","11","1","02:00","59.4","-"
"Mäntyharju Toivola","2002","12","1","02:00","8.2","-"
"Mäntyharju Toivola","2003","1","1","02:00","22.8","-"
"Mäntyharju Toivola","2003","2","1","02:00","16.3","-"
"Mäntyharju Toivola","2003","3","1","02:00","9.2","-"
"Mäntyharju Toivola","2003","4","1","03:00","25.4","-"
"Mäntyharju Toivola","2003","5","1","03:00","49.8","-"
"Mäntyharju Toivola","2003","6","1","03:00","36.9","-"
"Mäntyharju Toivola","2003","7","1","03:00","70.6","-"
"Mäntyharju Toivola","2003","8","1","03:00","123.6","-"
"Mäntyharju Toivola","2003","9","1","03:00","31","-"
"Mäntyharju Toivola","2003","10","1","03:00","90.3","-"
"Mäntyharju Toivola","2003","11","1","02:00","35.5","-"
"Mäntyharju Toivola","2003","12","1","02:00","54.6","-"
"Mäntyharju Toivola","2004","1","1","02:00","34.7","-"
"Mäntyharju Toivola","2004","2","1","02:00","31.9","-"
"Mäntyharju Toivola","2004","3","1","02:00","32","-"
"Mäntyharju Toivola","2004","4","1","03:00","6","-"
"Mäntyharju Toivola","2004","5","1","03:00","56.5","-"
"Mäntyharju Toivola","2004","6","1","03:00","101.3","-"
"Mäntyharju Toivola","2004","7","1","03:00","97.8","-"
"Mäntyharju Toivola","2004","8","1","03:00","58.4","-"
"Mäntyharju Toivola","2004","9","1","03:00","63.7","-"
"Mäntyharju Toivola","2004","10","1","03:00","27.9","-"
"Mäntyharju Toivola","2004","11","1","02:00","29.5","-"
"Mäntyharju Toivola","2004","12","1","02:00","55.1","-"
"Mäntyharju Toivola","2005","1","1","02:00","70.5","-"
"Mäntyharju Toivola","2005","2","1","02:00","5.1","-"
"Mäntyharju Toivola","2005","3","1","02:00","4.8","-"
"Mäntyharju Toivola","2005","4","1","03:00","12.2","-"
"Mäntyharju Toivola","2005","5","1","03:00","57.1","-"
"Mäntyharju Toivola","2005","6","1","03:00","58.6","-"
"Mäntyharju Toivola","2005","7","1","03:00","153.3","-"
"Mäntyharju Toivola","2005","8","1","03:00","136.3","-"
"Mäntyharju Toivola","2005","9","1","03:00","21","-"
"Mäntyharju Toivola","2005","10","1","03:00","40.2","-"
"Mäntyharju Toivola","2005","11","1","02:00","51.4","-"
"Mäntyharju Toivola","2005","12","1","02:00","48.5","-"
"Mäntyharju Toivola","2006","1","1","02:00","13.6","-"
"Mäntyharju Toivola","2006","2","1","02:00","21.8","-"
"Mäntyharju Toivola","2006","3","1","02:00","21.7","-"
"Mäntyharju Toivola","2006","4","1","03:00","41.8","-"
"Mäntyharju Toivola","2006","5","1","03:00","8","-"
"Mäntyharju Toivola","2006","6","1","03:00","80.5","-"
"Mäntyharju Toivola","2006","7","1","03:00","14.2","-"
"Mäntyharju Toivola","2006","8","1","03:00","23.9","-"
"Mäntyharju Toivola","2006","9","1","03:00","45","-"
"Mäntyharju Toivola","2006","10","1","03:00","146.5","-"
"Mäntyharju Toivola","2006","11","1","02:00","54.8","-"
"Mäntyharju Toivola","2006","12","1","02:00","50","-"
"Mäntyharju Toivola","2007","1","1","02:00","53.2","-"
"Mäntyharju Toivola","2007","2","1","02:00","29.4","-"
"Mäntyharju Toivola","2007","3","1","02:00","22.4","-"
"Mäntyharju Toivola","2007","4","1","03:00","24.5","-"
"Mäntyharju Toivola","2007","5","1","03:00","42","-"
"Mäntyharju Toivola","2007","6","1","03:00","50.7","-"
"Mäntyharju Toivola","2007","7","1","03:00","112.7","-"
"Mäntyharju Toivola","2007","8","1","03:00","127.5","-"
"Mäntyharju Toivola","2007","9","1","03:00","67.7","-"
"Mäntyharju Toivola","2007","10","1","03:00","29","-"
"Mäntyharju Toivola","2007","11","1","02:00","19.2","-"
"Mäntyharju Toivola","2007","12","1","02:00","32.1","-"
"Mäntyharju Toivola","2008","1","1","02:00","58.9","-"
"Mäntyharju Toivola","2008","2","1","02:00","40.3","-"
"Mäntyharju Toivola","2008","3","1","02:00","56.5","-"
"Mäntyharju Toivola","2008","4","1","03:00","36.8","-"
"Mäntyharju Toivola","2008","5","1","03:00","19","-"
"Mäntyharju Toivola","2008","6","1","03:00","116.2","-"
"Mäntyharju Toivola","2008","7","1","03:00","43.1","-"
"Havaintoasema","Vuosi","Kuukausi","Päivä","Aika [Paikallinen aika]","Kuukauden sadesumma [mm]","Kuukauden keskilämpötila [°C]"
"Mäntsälä Hirvihaara","2015","9","1","03:00","-","-"
"Mäntsälä Hirvihaara","2015","10","1","03:00","14.3","3.6"
"Mäntsälä Hirvihaara","2015","11","1","02:00","59.7","3.9"
"Mäntsälä Hirvihaara","2015","12","1","02:00","48.5","1.3"
"Mäntsälä Hirvihaara","2016","1","1","02:00","39","-11.9"
"Mäntsälä Hirvihaara","2016","2","1","02:00","79.7","-1"
"Mäntsälä Hirvihaara","2016","3","1","02:00","9.4","-0.3"
"Mäntsälä Hirvihaara","2016","4","1","03:00","66.5","4.3"
"Mäntsälä Hirvihaara","2016","5","1","03:00","27.2","12.9"
"Mäntsälä Hirvihaara","2016","6","1","03:00","75","15.2"
"Mäntsälä Hirvihaara","2016","7","1","03:00","88.7","17"
"Mäntsälä Hirvihaara","2016","8","1","03:00","60.8","15.2"
"Mäntsälä Hirvihaara","2016","9","1","03:00","35.5","11.3"
"Mäntsälä Hirvihaara","2016","10","1","03:00","16.5","3.8"
"Mäntsälä Hirvihaara","2016","11","1","02:00","58.6","-1.6"
"Mäntsälä Hirvihaara","2016","12","1","02:00","11.9","-1.6"
"Mäntsälä Hirvihaara","2017","1","1","02:00","25.1","-3.6"
"Mäntsälä Hirvihaara","2017","2","1","02:00","31.3","-4.2"
"Mäntsälä Hirvihaara","2017","3","1","02:00","27.7","0.4"
"Mäntsälä Hirvihaara","2017","4","1","03:00","51.3","1.7"
"Mäntsälä Hirvihaara","2017","5","1","03:00","10","8.6"
"Mäntsälä Hirvihaara","2017","6","1","03:00","70.6","12.7"
"Mäntsälä Hirvihaara","2017","7","1","03:00","42","14.5"
"Mäntsälä Hirvihaara","2017","8","1","03:00","99.3","14.5"
"Mäntsälä Hirvihaara","2017","9","1","03:00","48.5","10"
"Mäntsälä Hirvihaara","2017","10","1","03:00","168.8","4.3"
"Mäntsälä Hirvihaara","2017","11","1","02:00","91.1","1.5"
"Mäntsälä Hirvihaara","2017","12","1","02:00","96.9","-0.2"
"Mäntsälä Hirvihaara","2018","1","1","02:00","61.1","-3.1"
"Mäntsälä Hirvihaara","2018","2","1","02:00","17.3","-9.6"
"Mäntsälä Hirvihaara","2018","3","1","02:00","21.8","-6.1"
"Mäntsälä Hirvihaara","2018","4","1","03:00","42.5","3.9"
"Mäntsälä Hirvihaara","2018","5","1","03:00","16.6","13.4"
"Mäntsälä Hirvihaara","2018","6","1","03:00","46.6","14.4"
"Mäntsälä Hirvihaara","2018","7","1","03:00","78.2","19.4"
"Mäntsälä Hirvihaara","2018","8","1","03:00","61","16.5"
"Mäntsälä Hirvihaara","2018","9","1","03:00","53.6","11.8"
"Mäntsälä Hirvihaara","2018","10","1","03:00","27.5","5.4"
"Mäntsälä Hirvihaara","2018","11","1","02:00","20.5","2.1"
"Mäntsälä Hirvihaara","2018","12","1","02:00","35.7","-2.7"
"Mäntsälä Hirvihaara","2019","1","1","02:00","61.3","-7.7"
"Mäntsälä Hirvihaara","2019","2","1","02:00","40.5","-1.1"
"Mäntsälä Hirvihaara","2019","3","1","02:00","47.1","-1.1"
"Mäntsälä Hirvihaara","2019","4","1","03:00","7.8","4.9"
"Mäntsälä Hirvihaara","2019","5","1","03:00","99.8","9.5"
"Mäntsälä Hirvihaara","2019","6","1","03:00","13","16.8"
"Mäntsälä Hirvihaara","2019","7","1","03:00","41.8","15.9"
"Mäntsälä Hirvihaara","2019","8","1","03:00","58.4","15"
"Mäntsälä Hirvihaara","2019","9","1","03:00","98.7","9.6"
"Mäntsälä Hirvihaara","2019","10","1","03:00","62.7","4.1"
"Mäntsälä Hirvihaara","2019","11","1","02:00","68","0.8"
"Mäntsälä Hirvihaara","2019","12","1","02:00","68.9","0.4"
"Mäntsälä Hirvihaara","2020","1","1","02:00","43.2","1.1"
"Mäntsälä Hirvihaara","2020","2","1","02:00","75.6","-0.5"
"Mäntsälä Hirvihaara","2020","3","1","02:00","51.4","0.8"
"Mäntsälä Hirvihaara","2020","4","1","03:00","34.8","3.1"
"Mäntsälä Hirvihaara","2020","5","1","03:00","39.3","8.2"
"Mäntsälä Hirvihaara","2020","6","1","03:00","89.4","16.9"
"Mäntsälä Hirvihaara","2020","7","1","03:00","97.7","15"
"Mäntsälä Hirvihaara","2020","8","1","03:00","55.4","14.9"
"Mäntsälä Hirvihaara","2020","9","1","03:00","66","11.6"
"Mäntsälä Hirvihaara","2020","10","1","03:00","80.6","7"
"Mäntsälä Hirvihaara","2020","11","1","02:00","69.4","3.3"
"Mäntsälä Hirvihaara","2020","12","1","02:00","51","0"
"Mäntsälä Hirvihaara","2021","1","1","02:00","78.3","-5.3"
"Mäntsälä Hirvihaara","2021","2","1","02:00","24","-9.1"
"Mäntsälä Hirvihaara","2021","3","1","02:00","37.1","-1.6"
"Mäntsälä Hirvihaara","2021","4","1","03:00","28.5","3.4"
"Mäntsälä Hirvihaara","2021","5","1","03:00","71.1","9.6"
"Mäntsälä Hirvihaara","2021","6","1","03:00","19.2","18.4"
"Mäntsälä Hirvihaara","2021","7","1","03:00","49","19.7"
"Mäntsälä Hirvihaara","2021","8","1","03:00","148.5","14.4"
"Mäntsälä Hirvihaara","2021","9","1","03:00","28","8.5"
"Mäntsälä Hirvihaara","2021","10","1","03:00","81.9","7.2"
"Mäntsälä Hirvihaara","2021","11","1","02:00","42.7","0.5"
"Mäntsälä Hirvihaara","2021","12","1","02:00","18.9","-7.4"
"Mäntsälä Hirvihaara","2022","1","1","02:00","63.6","-4.3"
"Mäntsälä Hirvihaara","2022","2","1","02:00","88.7","-2.9"
"Mäntsälä Hirvihaara","2022","3","1","02:00","12.9","-1.1"
"Mäntsälä Hirvihaara","2022","4","1","03:00","52.4","2.1"
"Mäntsälä Hirvihaara","2022","5","1","03:00","52.2","9"
"Mäntsälä Hirvihaara","2022","6","1","03:00","40","16.2"
"Mäntsälä Hirvihaara","2022","7","1","03:00","45.2","17"
"Mäntsälä Hirvihaara","2022","8","1","03:00","32.7","17.7"
"Mäntsälä Hirvihaara","2022","9","1","03:00","32.6","7.8"
"Mäntsälä Hirvihaara","2022","10","1","03:00","50.6","6.3"
"Mäntsälä Hirvihaara","2022","11","1","02:00","41.1","1.4"
"Mäntsälä Hirvihaara","2022","12","1","02:00","65.3","-4.4"
"Mäntsälä Hirvihaara","2023","1","1","02:00","82.9","-2.4"
"Mäntsälä Hirvihaara","2023","2","1","02:00","33.1","-3.2"
"Mäntsälä Hirvihaara","2023","3","1","02:00","64.5","-2.7"
"Mäntsälä Hirvihaara","2023","4","1","03:00","11.7","4.3"
"Mäntsälä Hirvihaara","2023","5","1","03:00","36.4","9.8"
"Mäntsälä Hirvihaara","2023","6","1","03:00","16.6","15.4"
"Mäntsälä Hirvihaara","2023","7","1","03:00","68.6","16.1"
"Mäntsälä Hirvihaara","2023","8","1","03:00","165.6","16.2"
"Mäntsälä Hirvihaara","2023","9","1","03:00","57.9","13.6"
"Mäntsälä Hirvihaara","2023","10","1","03:00","103.8","3.2"
"Mäntsälä Hirvihaara","2023","11","1","02:00","51","-1.2"
"Mäntsälä Hirvihaara","2023","12","1","02:00","39.9","-6"
"Mäntsälä Hirvihaara","2024","1","1","02:00","42.4","-9.8"
"Mäntsälä Hirvihaara","2024","2","1","02:00","62.2","-4.7"
"Mäntsälä Hirvihaara","2024","3","1","02:00","29.3","-0.2"
"Mäntsälä Hirvihaara","2024","4","1","03:00","56.9","2.8"
"Mäntsälä Hirvihaara","2024","5","1","03:00","13.7","13"
"Mäntsälä Hirvihaara","2024","6","1","03:00","29.4","16.4"
"Mäntsälä Hirvihaara","2024","7","1","03:00","83.2","17.9"
"Mäntsälä Hirvihaara","2024","8","1","03:00","123.6","16.2"
"Mäntsälä Hirvihaara","2024","9","1","03:00","110.8","12.9"
"Mäntsälä Hirvihaara","2024","10","1","03:00","38.4","6.3"
"Mäntsälä Hirvihaara","2024","11","1","02:00","88.5","1.7"
"Mäntsälä Hirvihaara","2024","12","1","02:00","85.5","-1.3"
"Mäntsälä Hirvihaara","2025","1","1","02:00","53.6","-2"
"Mäntsälä Hirvihaara","2025","2","1","02:00","8.2","-3.4"
"Mäntsälä Hirvihaara","2025","3","1","02:00","12.6","1.7"
"Mäntsälä Hirvihaara","2025","4","1","03:00","34.4","5.1"
"Mäntsälä Hirvihaara","2025","5","1","03:00","28.3","9.3"
"Mäntsälä Hirvihaara","2025","6","1","03:00","124.6","13.8"
"Mäntsälä Hirvihaara","2025","7","1","03:00","78.7","19.7"
"Mäntsälä Hirvihaara","2025","8","1","03:00","61","14.6"
"Mäntsälä Hirvihaara","2025","9","1","03:00","77.2","12.7"
"Mäntsälä Hirvihaara","2025","10","1","03:00","64.9","6.4"
"Mäntsälä Hirvihaara","2025","11","1","02:00","37.8","3.1"
"Mäntsälä Hirvihaara","2025","12","1","02:00","54.5","0.9"
"Havaintoasema","Vuosi","Kuukausi","Päivä","Aika [Paikallinen aika]","Kuukauden sadesumma [mm]","Kuukauden keskilämpötila [°C]"
"Lahti Sopenkorpi","2018","8","1","03:00","-","-"
"Lahti Sopenkorpi","2018","9","1","03:00","45","12.3"
"Lahti Sopenkorpi","2018","10","1","03:00","30.9","5.7"
"Lahti Sopenkorpi","2018","11","1","02:00","18","2.1"
"Lahti Sopenkorpi","2018","12","1","02:00","34.3","-3"
"Lahti Sopenkorpi","2019","1","1","02:00","62.5","-7.7"
"Lahti Sopenkorpi","2019","2","1","02:00","42.4","-"
"Lahti Sopenkorpi","2019","3","1","02:00","45.4","-1.2"
"Lahti Sopenkorpi","2019","4","1","03:00","4.6","6.2"
"Lahti Sopenkorpi","2019","5","1","03:00","64.9","10.3"
"Lahti Sopenkorpi","2019","6","1","03:00","19","17.7"
"Lahti Sopenkorpi","2019","7","1","03:00","33","17.3"
"Lahti Sopenkorpi","2019","8","1","03:00","59.8","15.9"
"Lahti Sopenkorpi","2019","9","1","03:00","97.5","10.2"
"Lahti Sopenkorpi","2019","10","1","03:00","71.1","4.2"
"Lahti Sopenkorpi","2019","11","1","02:00","66.4","0.7"
"Lahti Sopenkorpi","2019","12","1","02:00","72.7","0.2"
"Lahti Sopenkorpi","2020","1","1","02:00","39.4","0.9"
"Lahti Sopenkorpi","2020","2","1","02:00","57.1","-0.6"
"Lahti Sopenkorpi","2020","3","1","02:00","36.9","1"
"Lahti Sopenkorpi","2020","4","1","03:00","34.4","3.6"
"Lahti Sopenkorpi","2020","5","1","03:00","38.8","9.4"
"Lahti Sopenkorpi","2020","6","1","03:00","94","18.6"
"Lahti Sopenkorpi","2020","7","1","03:00","105.3","15.9"
"Lahti Sopenkorpi","2020","8","1","03:00","78.6","16.2"
"Lahti Sopenkorpi","2020","9","1","03:00","56.9","12.2"
"Lahti Sopenkorpi","2020","10","1","03:00","77.6","7.5"
"Lahti Sopenkorpi","2020","11","1","02:00","63.8","3.6"
"Lahti Sopenkorpi","2020","12","1","02:00","46.9","-0.1"
"Lahti Sopenkorpi","2021","1","1","02:00","60","-5.3"
"Lahti Sopenkorpi","2021","2","1","02:00","32.5","-8.7"
"Lahti Sopenkorpi","2021","3","1","02:00","40.8","-1.6"
"Lahti Sopenkorpi","2021","4","1","03:00","36.7","4.3"
"Lahti Sopenkorpi","2021","5","1","03:00","81","10.3"
"Lahti Sopenkorpi","2021","6","1","03:00","27.1","19.9"
"Lahti Sopenkorpi","2021","7","1","03:00","34.1","21.3"
"Lahti Sopenkorpi","2021","8","1","03:00","134.8","15.1"
"Lahti Sopenkorpi","2021","9","1","03:00","36.8","9"
"Lahti Sopenkorpi","2021","10","1","03:00","80.9","7.2"
"Lahti Sopenkorpi","2021","11","1","02:00","39.7","0.7"
"Lahti Sopenkorpi","2021","12","1","02:00","25.8","-7.6"
"Lahti Sopenkorpi","2022","1","1","02:00","66.5","-4.5"
"Lahti Sopenkorpi","2022","2","1","02:00","83.8","-2.9"
"Lahti Sopenkorpi","2022","3","1","02:00","20.5","-0.6"
"Lahti Sopenkorpi","2022","4","1","03:00","46.2","3"
"Lahti Sopenkorpi","2022","5","1","03:00","42.5","9.9"
"Lahti Sopenkorpi","2022","6","1","03:00","40.7","17"
"Lahti Sopenkorpi","2022","7","1","03:00","39","18.1"
"Lahti Sopenkorpi","2022","8","1","03:00","27.4","18.9"
"Lahti Sopenkorpi","2022","9","1","03:00","29.5","9.2"
"Lahti Sopenkorpi","2022","10","1","03:00","47.8","6.6"
"Lahti Sopenkorpi","2022","11","1","02:00","37.8","1.3"
"Lahti Sopenkorpi","2022","12","1","02:00","68.3","-4.1"
"Lahti Sopenkorpi","2023","1","1","02:00","66.8","-2.4"
"Lahti Sopenkorpi","2023","2","1","02:00","25.6","-3.3"
"Lahti Sopenkorpi","2023","3","1","02:00","59.8","-2.6"
"Lahti Sopenkorpi","2023","4","1","03:00","14.4","5.4"
"Lahti Sopenkorpi","2023","5","1","03:00","34.3","10.9"
"Lahti Sopenkorpi","2023","6","1","03:00","18.4","16.7"
"Lahti Sopenkorpi","2023","7","1","03:00","74","17.1"
"Lahti Sopenkorpi","2023","8","1","03:00","87.7","17.2"
"Lahti Sopenkorpi","2023","9","1","03:00","44.9","14.2"
"Lahti Sopenkorpi","2023","10","1","03:00","98.1","3.4"
"Lahti Sopenkorpi","2023","11","1","02:00","50.2","-1.5"
"Lahti Sopenkorpi","2023","12","1","02:00","40.4","-6.1"
"Lahti Sopenkorpi","2024","1","1","02:00","30.1","-9.7"
"Lahti Sopenkorpi","2024","2","1","02:00","65.9","-4.9"
"Lahti Sopenkorpi","2024","3","1","02:00","33.7","0"
"Lahti Sopenkorpi","2024","4","1","03:00","59.4","3"
"Lahti Sopenkorpi","2024","5","1","03:00","8","14.4"
"Lahti Sopenkorpi","2024","6","1","03:00","30.2","17.6"
"Lahti Sopenkorpi","2024","7","1","03:00","84.5","18.8"
"Lahti Sopenkorpi","2024","8","1","03:00","55.7","17.3"
"Lahti Sopenkorpi","2024","9","1","03:00","108.9","14"
"Lahti Sopenkorpi","2024","10","1","03:00","31.2","6.7"
"Lahti Sopenkorpi","2024","11","1","02:00","74.4","1.8"
"Lahti Sopenkorpi","2024","12","1","02:00","94.8","-1.5"
"Lahti Sopenkorpi","2025","1","1","02:00","46","-2.5"
"Lahti Sopenkorpi","2025","2","1","02:00","10.4","-3.7"
"Lahti Sopenkorpi","2025","3","1","02:00","18","1.6"
"Lahti Sopenkorpi","2025","4","1","03:00","32","5.5"
"Lahti Sopenkorpi","2025","5","1","03:00","51","9.7"
"Lahti Sopenkorpi","2025","6","1","03:00","98.4","14.2"
"Lahti Sopenkorpi","2025","7","1","03:00","64","21"
"Lahti Sopenkorpi","2025","8","1","03:00","51.1","15.3"
"Lahti Sopenkorpi","2025","9","1","03:00","56.7","13.2"
"Lahti Sopenkorpi","2025","10","1","03:00","58.4","6.4"
"Lahti Sopenkorpi","2025","11","1","02:00","40.9","2.7"
"Lahti Sopenkorpi","2025","12","1","02:00","58.4","0.6"
"Havaintoasema","Vuosi","Kuukausi","Päivä","Aika [Paikallinen aika]","Kuukauden sadesumma [mm]","Kuukauden keskilämpötila [°C]"
"Kaarina Yltöinen","1991","2","1","02:00","29.2","-5.8"
"Kaarina Yltöinen","1991","3","1","02:00","35.9","0.2"
"Kaarina Yltöinen","1991","4","1","03:00","14","3.4"
"Kaarina Yltöinen","1991","5","1","03:00","39.2","7.4"
"Kaarina Yltöinen","1991","6","1","03:00","81.1","11.8"
"Kaarina Yltöinen","1991","7","1","03:00","12.2","17.1"
"Kaarina Yltöinen","1991","8","1","03:00","99.2","17.1"
"Kaarina Yltöinen","1991","9","1","03:00","88.8","10.2"
"Kaarina Yltöinen","1991","10","1","02:00","62.9","6.2"
"Kaarina Yltöinen","1991","11","1","02:00","106.1","3.3"
"Kaarina Yltöinen","1991","12","1","02:00","47.8","-0.3"
"Kaarina Yltöinen","1992","1","1","02:00","36.9","-0.9"
"Kaarina Yltöinen","1992","2","1","02:00","42.2","-1.5"
"Kaarina Yltöinen","1992","3","1","02:00","57.5","1.2"
"Kaarina Yltöinen","1992","4","1","03:00","48.2","2.1"
"Kaarina Yltöinen","1992","5","1","03:00","19","10.9"
"Kaarina Yltöinen","1992","6","1","03:00","12.2","16.1"
"Kaarina Yltöinen","1992","7","1","03:00","61","16.3"
"Kaarina Yltöinen","1992","8","1","03:00","77.4","14.9"
"Kaarina Yltöinen","1992","9","1","03:00","54","12"
"Kaarina Yltöinen","1992","10","1","02:00","102.6","0.9"
"Kaarina Yltöinen","1992","11","1","02:00","87.1","-0.2"
"Kaarina Yltöinen","1992","12","1","02:00","41.9","0.9"
"Kaarina Yltöinen","1993","1","1","02:00","69.4","-0.9"
"Kaarina Yltöinen","1993","2","1","02:00","14.4","-2.5"
"Kaarina Yltöinen","1993","3","1","02:00","34.3","-0.3"
"Kaarina Yltöinen","1993","4","1","03:00","27.8","3.5"
"Kaarina Yltöinen","1993","5","1","03:00","4.1","13.2"
"Kaarina Yltöinen","1993","6","1","03:00","80.1","11.9"
"Kaarina Yltöinen","1993","7","1","03:00","82.7","16.5"
"Kaarina Yltöinen","1993","8","1","03:00","130.3","13.5"
"Kaarina Yltöinen","1993","9","1","03:00","25.6","6.7"
"Kaarina Yltöinen","1993","10","1","02:00","60.2","4.2"
"Kaarina Yltöinen","1993","11","1","02:00","9.4","-2.1"
"Kaarina Yltöinen","1993","12","1","02:00","92.8","-2.4"
"Kaarina Yltöinen","1994","1","1","02:00","53.4","-3.7"
"Kaarina Yltöinen","1994","2","1","02:00","1.8","-13.4"
"Kaarina Yltöinen","1994","3","1","02:00","94.5","-2.7"
"Kaarina Yltöinen","1994","4","1","03:00","55.3","4.6"
"Kaarina Yltöinen","1994","5","1","03:00","25.5","8.1"
"Kaarina Yltöinen","1994","6","1","03:00","60.3","12"
"Kaarina Yltöinen","1994","7","1","03:00","3.9","18.7"
"Kaarina Yltöinen","1994","8","1","03:00","46.2","15.8"
"Kaarina Yltöinen","1994","9","1","03:00","91.6","11"
"Kaarina Yltöinen","1994","10","1","02:00","89.8","5.5"
"Kaarina Yltöinen","1994","11","1","02:00","26.8","0.4"
"Kaarina Yltöinen","1994","12","1","02:00","90.8","0.9"
"Kaarina Yltöinen","1995","1","1","02:00","-","-2.5"
"Kaarina Yltöinen","1995","2","1","02:00","71.6","-0.3"
"Kaarina Yltöinen","1995","3","1","02:00","56","0.4"
"Kaarina Yltöinen","1995","4","1","03:00","46.6","3.3"
"Kaarina Yltöinen","1995","5","1","03:00","81.9","8.6"
"Kaarina Yltöinen","1995","6","1","03:00","58.4","17"
"Kaarina Yltöinen","1995","7","1","03:00","32.1","16"
"Kaarina Yltöinen","1995","8","1","03:00","105","15.7"
"Kaarina Yltöinen","1995","9","1","03:00","23","11"
"Kaarina Yltöinen","1995","10","1","02:00","83.8","8.3"
"Kaarina Yltöinen","1995","11","1","02:00","46.5","-1.4"
"Kaarina Yltöinen","1995","12","1","02:00","25.3","-7.6"
"Kaarina Yltöinen","1996","1","1","02:00","5.5","-5.5"
"Kaarina Yltöinen","1996","2","1","02:00","37.8","-10.2"
"Kaarina Yltöinen","1996","3","1","02:00","35.3","-4.5"
"Kaarina Yltöinen","1996","4","1","03:00","12.9","1.7"
"Kaarina Yltöinen","1996","5","1","03:00","64","8.5"
"Kaarina Yltöinen","1996","6","1","03:00","54.5","12.8"
"Kaarina Yltöinen","1996","7","1","03:00","138.2","14.5"
"Kaarina Yltöinen","1996","8","1","03:00","31.5","17.5"
"Kaarina Yltöinen","1996","9","1","03:00","38.9","9.1"
"Kaarina Yltöinen","1996","10","1","03:00","48.7","7.2"
"Kaarina Yltöinen","1996","11","1","02:00","160.1","3.3"
"Kaarina Yltöinen","1996","12","1","02:00","57.8","-4.8"
"Kaarina Yltöinen","1997","1","1","02:00","35.5","-3.8"
"Kaarina Yltöinen","1997","2","1","02:00","59.2","-3"
"Kaarina Yltöinen","1997","3","1","02:00","35.8","-0.3"
"Kaarina Yltöinen","1997","4","1","03:00","43.2","1.9"
"Kaarina Yltöinen","1997","5","1","03:00","21.9","8.1"
"Kaarina Yltöinen","1997","6","1","03:00","39.7","16.4"
"Kaarina Yltöinen","1997","7","1","03:00","92.3","18.7"
"Kaarina Yltöinen","1997","8","1","03:00","42.8","18.8"
"Kaarina Yltöinen","1997","9","1","03:00","122","11.2"
"Kaarina Yltöinen","1997","10","1","03:00","53.8","3.5"
"Kaarina Yltöinen","1997","11","1","02:00","62.1","0.7"
"Kaarina Yltöinen","1997","12","1","02:00","50.5","-1.9"
"Kaarina Yltöinen","1998","1","1","02:00","90.4","-1.3"
"Kaarina Yltöinen","1998","2","1","02:00","38.2","-2.9"
"Kaarina Yltöinen","1998","3","1","02:00","20.5","-3.3"
"Kaarina Yltöinen","1998","4","1","03:00","24.6","3.7"
"Kaarina Yltöinen","1998","5","1","03:00","39","9.5"
"Kaarina Yltöinen","1998","6","1","03:00","85.9","13.5"
"Kaarina Yltöinen","1998","7","1","03:00","117.7","15.6"
"Kaarina Yltöinen","1998","8","1","03:00","105.1","13.9"
"Kaarina Yltöinen","1998","9","1","03:00","28.8","11.6"
"Kaarina Yltöinen","1998","10","1","03:00","107.3","6"
"Kaarina Yltöinen","1998","11","1","02:00","17.5","-2.4"
"Kaarina Yltöinen","1998","12","1","02:00","55.5","-2"
"Kaarina Yltöinen","1999","1","1","02:00","72.9","-5.3"
"Kaarina Yltöinen","1999","2","1","02:00","74","-6.3"
"Kaarina Yltöinen","1999","3","1","02:00","46.8","-1.1"
"Kaarina Yltöinen","1999","4","1","03:00","48.7","5.2"
"Kaarina Yltöinen","1999","5","1","03:00","6.2","8.1"
"Kaarina Yltöinen","1999","6","1","03:00","26.1","17"
"Kaarina Yltöinen","1999","7","1","03:00","22.6","18.3"
"Kaarina Yltöinen","1999","8","1","03:00","51.8","15.2"
"Kaarina Yltöinen","1999","9","1","03:00","48.9","13"
"Kaarina Yltöinen","1999","10","1","03:00","141.5","7"
"Kaarina Yltöinen","1999","11","1","02:00","49.6","2.8"
"Kaarina Yltöinen","1999","12","1","02:00","90.2","-1.8"
"Kaarina Yltöinen","2000","1","1","02:00","53.1","-2.4"
"Kaarina Yltöinen","2000","2","1","02:00","62.4","-2.1"
"Kaarina Yltöinen","2000","3","1","02:00","44.8","-1.1"
"Kaarina Yltöinen","2000","4","1","03:00","37.9","6"
"Kaarina Yltöinen","2000","5","1","03:00","26","10.2"
"Kaarina Yltöinen","2000","6","1","03:00","51","13.5"
"Kaarina Yltöinen","2000","7","1","03:00","131.4","16.3"
"Kaarina Yltöinen","2000","8","1","03:00","68.3","15.1"
"Kaarina Yltöinen","2000","9","1","03:00","21.3","9.5"
"Kaarina Yltöinen","2000","10","1","03:00","68.9","9.2"
"Kaarina Yltöinen","2000","11","1","02:00","127.1","4.9"
"Kaarina Yltöinen","2000","12","1","02:00","72.1","1.8"
"Kaarina Yltöinen","2001","1","1","02:00","30.4","-1.1"
"Kaarina Yltöinen","2001","2","1","02:00","40.1","-7.6"
"Kaarina Yltöinen","2001","3","1","02:00","24.7","-3.2"
"Kaarina Yltöinen","2001","4","1","03:00","57.5","5"
"Kaarina Yltöinen","2001","5","1","03:00","19.6","9.1"
"Kaarina Yltöinen","2001","6","1","03:00","36.6","14"
"Kaarina Yltöinen","2001","7","1","03:00","101.2","19.6"
"Kaarina Yltöinen","2001","8","1","03:00","54.3","16.2"
"Kaarina Yltöinen","2001","9","1","03:00","118.8","12.3"
"Kaarina Yltöinen","2001","10","1","03:00","89.8","8.6"
"Kaarina Yltöinen","2001","11","1","02:00","56.6","0.6"
"Kaarina Yltöinen","2001","12","1","02:00","24.4","-6"
"Kaarina Yltöinen","2002","1","1","02:00","74.2","-3.2"
"Kaarina Yltöinen","2002","2","1","02:00","52.6","-1.1"
"Kaarina Yltöinen","2002","3","1","02:00","40.7","0.1"
"Kaarina Yltöinen","2002","4","1","03:00","4.2","5.2"
"Kaarina Yltöinen","2002","5","1","03:00","19.5","11.4"
"Kaarina Yltöinen","2002","6","1","03:00","62.4","16.3"
"Kaarina Yltöinen","2002","7","1","03:00","115.4","18.7"
"Kaarina Yltöinen","2002","8","1","03:00","8.9","18.5"
"Kaarina Yltöinen","2002","9","1","03:00","11.5","10.9"
"Kaarina Yltöinen","2002","10","1","03:00","28.6","0.5"
"Kaarina Yltöinen","2002","11","1","02:00","44.8","-2.5"
"Kaarina Yltöinen","2002","12","1","02:00","6","-7.5"
"Kaarina Yltöinen","2003","1","1","02:00","46.5","-9.3"
"Kaarina Yltöinen","2003","2","1","02:00","2.2","-6.4"
"Kaarina Yltöinen","2003","3","1","02:00","10.5","-1.1"
"Kaarina Yltöinen","2003","4","1","03:00","27.4","2.3"
"Kaarina Yltöinen","2003","5","1","03:00","78.7","9.1"
"Kaarina Yltöinen","2003","6","1","03:00","67.3","13.5"
"Kaarina Yltöinen","2003","7","1","03:00","46.4","20.1"
"Kaarina Yltöinen","2003","8","1","03:00","63.1","16.2"
"Kaarina Yltöinen","2003","9","1","03:00","9.1","11.7"
"Kaarina Yltöinen","2003","10","1","03:00","46.5","3.8"
"Kaarina Yltöinen","2003","11","1","02:00","57","3.1"
"Kaarina Yltöinen","2003","12","1","02:00","89.6","-0.5"
"Kaarina Yltöinen","2004","1","1","02:00","35.5","-6.3"
"Kaarina Yltöinen","2004","2","1","02:00","43.8","-4"
"Kaarina Yltöinen","2004","3","1","02:00","39.1","-1.7"
"Kaarina Yltöinen","2004","4","1","03:00","17.8","5"
"Kaarina Yltöinen","2004","5","1","03:00","64.8","10"
"Kaarina Yltöinen","2004","6","1","03:00","93.9","12.8"
"Kaarina Yltöinen","2004","7","1","03:00","136.3","16"
"Kaarina Yltöinen","2004","8","1","03:00","109.2","16.7"
"Kaarina Yltöinen","2004","9","1","03:00","84","12.6"
"Kaarina Yltöinen","2004","10","1","03:00","30.3","6.2"
"Kaarina Yltöinen","2004","11","1","02:00","60","0.4"
"Kaarina Yltöinen","2004","12","1","02:00","125.5","0.4"
"Kaarina Yltöinen","2005","1","1","02:00","90.8","-0.7"
"Kaarina Yltöinen","2005","2","1","02:00","31.3","-4"
"Kaarina Yltöinen","2005","3","1","02:00","3.4","-5.6"
"Kaarina Yltöinen","2005","4","1","03:00","16.1","4.1"
"Kaarina Yltöinen","2005","5","1","03:00","29.9","9.3"
"Kaarina Yltöinen","2005","6","1","03:00","41.8","13.7"
"Kaarina Yltöinen","2005","7","1","03:00","184.3","18.6"
"Kaarina Yltöinen","2005","8","1","03:00","154.4","16"
"Kaarina Yltöinen","2005","9","1","03:00","32.6","12.2"
"Kaarina Yltöinen","2005","10","1","03:00","43.9","7.7"
"Kaarina Yltöinen","2005","11","1","02:00","86.6","3.6"
"Kaarina Yltöinen","2005","12","1","02:00","29.8","-3.4"
"Kaarina Yltöinen","2006","1","1","02:00","23.6","-3.7"
"Kaarina Yltöinen","2006","2","1","02:00","19.4","-7.3"
"Kaarina Yltöinen","2006","3","1","02:00","24.8","-6.4"
"Kaarina Yltöinen","2006","4","1","03:00","52.3","3.4"
"Kaarina Yltöinen","2006","5","1","03:00","43","10.2"
"Kaarina Yltöinen","2006","6","1","03:00","38.4","14.7"
"Kaarina Yltöinen","2006","7","1","03:00","26.2","18.3"
"Kaarina Yltöinen","2006","8","1","03:00","55.5","18.4"
"Kaarina Yltöinen","2006","9","1","03:00","29.7","14.1"
"Kaarina Yltöinen","2006","10","1","03:00","188.3","7.9"
"Kaarina Yltöinen","2006","11","1","02:00","97.8","2.7"
"Kaarina Yltöinen","2006","12","1","02:00","91.9","3.5"
"Kaarina Yltöinen","2007","1","1","02:00","97.4","-2"
"Kaarina Yltöinen","2007","2","1","02:00","9.6","-8.6"
"Kaarina Yltöinen","2007","3","1","02:00","38.7","2.1"
"Kaarina Yltöinen","2007","4","1","03:00","24.1","4.5"
"Kaarina Yltöinen","2007","5","1","03:00","19","10.3"
"Kaarina Yltöinen","2007","6","1","03:00","46.8","15.6"
"Kaarina Yltöinen","2007","7","1","03:00","121.4","16.7"
"Kaarina Yltöinen","2007","8","1","03:00","49.7","16.9"
"Kaarina Yltöinen","2007","9","1","03:00","47.3","11.2"
"Kaarina Yltöinen","2007","10","1","03:00","62.9","7.3"
"Kaarina Yltöinen","2007","11","1","02:00","86.5","1"
"Kaarina Yltöinen","2007","12","1","02:00","93.2","2"
"Kaarina Yltöinen","2008","1","1","02:00","111.5","0"
"Kaarina Yltöinen","2008","2","1","02:00","64.1","0.8"
"Kaarina Yltöinen","2008","3","1","02:00","47.7","-0.3"
"Kaarina Yltöinen","2008","4","1","03:00","31.4","5.7"
"Kaarina Yltöinen","2008","5","1","03:00","3.4","10.4"
"Kaarina Yltöinen","2008","6","1","03:00","97.8","14.6"
"Kaarina Yltöinen","2008","7","1","03:00","19.1","16.9"
"Kaarina Yltöinen","2008","8","1","03:00","79.3","14.8"
"Kaarina Yltöinen","2008","9","1","03:00","72.2","9.8"
"Kaarina Yltöinen","2008","10","1","03:00","160.4","8.1"
"Kaarina Yltöinen","2008","11","1","02:00","99","2.5"
"Kaarina Yltöinen","2008","12","1","02:00","59.2","1"
"Kaarina Yltöinen","2009","1","1","02:00","22.5","-4"
"Kaarina Yltöinen","2009","2","1","02:00","22.6","-4.7"
"Kaarina Yltöinen","2009","3","1","02:00","49.4","-1.7"
"Kaarina Yltöinen","2009","4","1","03:00","3.4","4.2"
"Kaarina Yltöinen","2009","5","1","03:00","28.2","10.4"
"Kaarina Yltöinen","2009","6","1","03:00","63.2","13.5"
"Kaarina Yltöinen","2009","7","1","03:00","51.1","16.5"
"Kaarina Yltöinen","2009","8","1","03:00","62.3","16"
"Kaarina Yltöinen","2009","9","1","03:00","50","12.7"
"Kaarina Yltöinen","2009","10","1","03:00","73.7","3.8"
"Kaarina Yltöinen","2009","11","1","02:00","59.8","3.2"
"Kaarina Yltöinen","2009","12","1","02:00","46.4","-4.5"
"Kaarina Yltöinen","2010","1","1","02:00","9.9","-10.7"
"Kaarina Yltöinen","2010","2","1","02:00","47.5","-8.5"
"Kaarina Yltöinen","2010","3","1","02:00","46","-2.6"
"Kaarina Yltöinen","2010","4","1","03:00","34.4","3.7"
"Kaarina Yltöinen","2010","5","1","03:00","63.1","11.3"
"Kaarina Yltöinen","2010","6","1","03:00","53.3","14.1"
"Kaarina Yltöinen","2010","7","1","03:00","15.9","20.9"
"Kaarina Yltöinen","2010","8","1","03:00","57.7","17"
"Kaarina Yltöinen","2010","9","1","03:00","99.3","11.3"
"Kaarina Yltöinen","2010","10","1","03:00","38.6","5.2"
"Kaarina Yltöinen","2010","11","1","02:00","45.5","-1.7"
"Kaarina Yltöinen","2010","12","1","02:00","44.4","-9.2"
"Kaarina Yltöinen","2011","1","1","02:00","51.7","-4.8"
"Kaarina Yltöinen","2011","2","1","02:00","21.5","-10.8"
"Kaarina Yltöinen","2011","3","1","02:00","27.1","-1.7"
"Kaarina Yltöinen","2011","4","1","03:00","27","4.4"
"Kaarina Yltöinen","2011","5","1","03:00","45.8","9.3"
"Kaarina Yltöinen","2011","6","1","03:00","63.1","16.8"
"Kaarina Yltöinen","2011","7","1","03:00","140.9","19.6"
"Kaarina Yltöinen","2011","8","1","03:00","114.3","16.3"
"Kaarina Yltöinen","2011","9","1","03:00","81.5","12.9"
"Kaarina Yltöinen","2011","10","1","03:00","70","7.6"
"Kaarina Yltöinen","2011","11","1","02:00","40.4","5"
"Kaarina Yltöinen","2011","12","1","02:00","156.8","2.3"
"Kaarina Yltöinen","2012","1","1","02:00","63.3","-4.8"
"Kaarina Yltöinen","2012","2","1","02:00","65.7","-6.8"
"Kaarina Yltöinen","2012","3","1","02:00","20.5","0.4"
"Kaarina Yltöinen","2012","4","1","03:00","37.1","4"
"Kaarina Yltöinen","2012","5","1","03:00","30.4","10.3"
"Kaarina Yltöinen","2012","6","1","03:00","90.3","12.7"
"Kaarina Yltöinen","2012","7","1","03:00","92.8","17.1"
"Kaarina Yltöinen","2012","8","1","03:00","93.8","15.3"
"Kaarina Yltöinen","2012","9","1","03:00","80.3","11.6"
"Kaarina Yltöinen","2012","10","1","03:00","107.2","5.6"
"Kaarina Yltöinen","2012","11","1","02:00","41.4","3.6"
"Kaarina Yltöinen","2012","12","1","02:00","73.8","-6.5"
"Kaarina Yltöinen","2013","1","1","02:00","39.7","-6.1"
"Kaarina Yltöinen","2013","2","1","02:00","23.1","-2.9"
"Kaarina Yltöinen","2013","3","1","02:00","23.3","-7.6"
"Kaarina Yltöinen","2013","4","1","03:00","50","1.4"
"Kaarina Yltöinen","2013","5","1","03:00","10.7","12.5"
"Kaarina Yltöinen","2013","6","1","03:00","47.6","16.9"
"Kaarina Yltöinen","2013","7","1","03:00","26.5","17.2"
"Kaarina Yltöinen","2013","8","1","03:00","66.4","16.5"
"Kaarina Yltöinen","2013","9","1","03:00","37.1","11.6"
"Kaarina Yltöinen","2013","10","1","03:00","97.3","6.4"
"Kaarina Yltöinen","2013","11","1","02:00","82.5","3.8"
"Kaarina Yltöinen","2013","12","1","02:00","73.9","1.9"
"Kaarina Yltöinen","2014","1","1","02:00","38.9","-6.8"
"Kaarina Yltöinen","2014","2","1","02:00","34.8","0.2"
"Kaarina Yltöinen","2014","3","1","02:00","32.9","1.7"
"Kaarina Yltöinen","2014","4","1","03:00","18.3","4.9"
"Kaarina Yltöinen","2014","5","1","03:00","20.5","9.9"
"Kaarina Yltöinen","2014","6","1","03:00","76.5","13.3"
"Kaarina Yltöinen","2014","7","1","03:00","43.8","19.4"
"Kaarina Yltöinen","2014","8","1","03:00","216.1","17.1"
"Kaarina Yltöinen","2014","9","1","03:00","39.7","12.1"
"Kaarina Yltöinen","2014","10","1","03:00","39.6","6.9"
"Kaarina Yltöinen","2014","11","1","02:00","47.6","3"
"Kaarina Yltöinen","2014","12","1","02:00","113.5","-0.4"
"Kaarina Yltöinen","2015","1","1","02:00","97.6","-0.9"
"Kaarina Yltöinen","2015","2","1","02:00","25.5","0.2"
"Kaarina Yltöinen","2015","3","1","02:00","47.3","1.7"
"Kaarina Yltöinen","2015","4","1","03:00","44.2","4.9"
"Kaarina Yltöinen","2015","5","1","03:00","66.8","9"
"Kaarina Yltöinen","2015","6","1","03:00","57.8","13.1"
"Kaarina Yltöinen","2015","7","1","03:00","84.8","15.8"
"Kaarina Yltöinen","2015","8","1","03:00","26.3","16.2"
"Kaarina Yltöinen","2015","9","1","03:00","47.3","12.1"
"Kaarina Yltöinen","2015","10","1","03:00","24.1","4.9"
"Kaarina Yltöinen","2015","11","1","02:00","71.5","4.4"
"Kaarina Yltöinen","2015","12","1","02:00","73","2.7"
"Kaarina Yltöinen","2016","1","1","02:00","58","-9.1"
"Kaarina Yltöinen","2016","2","1","02:00","79.9","-0.9"
"Kaarina Yltöinen","2016","3","1","02:00","9.5","0.2"
"Kaarina Yltöinen","2016","4","1","03:00","59.2","4.2"
"Kaarina Yltöinen","2016","5","1","03:00","36","12.4"
"Kaarina Yltöinen","2016","6","1","03:00","56.6","15"
"Kaarina Yltöinen","2016","7","1","03:00","42.5","17.3"
"Kaarina Yltöinen","2016","8","1","03:00","91","15.7"
"Kaarina Yltöinen","2016","9","1","03:00","20.8","12.2"
"Kaarina Yltöinen","2016","10","1","03:00","9.5","4.8"
"Kaarina Yltöinen","2016","11","1","02:00","52.2","-0.5"
"Kaarina Yltöinen","2016","12","1","02:00","21.8","-0.5"
"Kaarina Yltöinen","2017","1","1","02:00","22.7","-2.4"
"Kaarina Yltöinen","2017","2","1","02:00","28.9","-2.6"
"Kaarina Yltöinen","2017","3","1","02:00","36.6","0.9"
"Kaarina Yltöinen","2017","4","1","03:00","33.5","2.5"
"Kaarina Yltöinen","2017","5","1","03:00","16.8","8.9"
"Kaarina Yltöinen","2017","6","1","03:00","62.8","13.4"
"Kaarina Yltöinen","2017","7","1","03:00","23.2","15.7"
"Kaarina Yltöinen","2017","8","1","03:00","95.8","15.5"
"Kaarina Yltöinen","2017","9","1","03:00","41.3","11.6"
"Kaarina Yltöinen","2017","10","1","03:00","109.2","5.3"
"Kaarina Yltöinen","2017","11","1","02:00","70.9","3.3"
"Kaarina Yltöinen","2017","12","1","02:00","92.9","1.1"
"Kaarina Yltöinen","2018","1","1","02:00","50.2","-2.2"
"Kaarina Yltöinen","2018","2","1","02:00","19.6","-7.8"
"Kaarina Yltöinen","2018","3","1","02:00","11.8","-4.5"
"Kaarina Yltöinen","2018","4","1","03:00","33.4","4.3"
"Kaarina Yltöinen","2018","5","1","03:00","29","14"
"Kaarina Yltöinen","2018","6","1","03:00","27.8","14.8"
"Kaarina Yltöinen","2018","7","1","03:00","31.1","20.6"
"Kaarina Yltöinen","2018","8","1","03:00","81.3","17.5"
"Kaarina Yltöinen","2018","9","1","03:00","78.7","13.1"
"Kaarina Yltöinen","2018","10","1","03:00","46.3","6.7"
"Kaarina Yltöinen","2018","11","1","02:00","23.6","3.6"
"Kaarina Yltöinen","2018","12","1","02:00","53.3","-1.2"
"Kaarina Yltöinen","2019","1","1","02:00","52.6","-5.1"
"Kaarina Yltöinen","2019","2","1","02:00","58","-0.4"
"Kaarina Yltöinen","2019","3","1","02:00","60","-0.4"
"Kaarina Yltöinen","2019","4","1","03:00","5.1","6"
"Kaarina Yltöinen","2019","5","1","03:00","51.4","10.1"
"Kaarina Yltöinen","2019","6","1","03:00","17.2","16.9"
"Kaarina Yltöinen","2019","7","1","03:00","40.1","17.1"
"Kaarina Yltöinen","2019","8","1","03:00","85.1","16.4"
"Kaarina Yltöinen","2019","9","1","03:00","114.7","11.2"
"Kaarina Yltöinen","2019","10","1","03:00","73.6","5.5"
"Kaarina Yltöinen","2019","11","1","02:00","103.1","2.4"
"Kaarina Yltöinen","2019","12","1","02:00","96.6","1.9"
"Kaarina Yltöinen","2020","1","1","02:00","59.4","2.6"
"Kaarina Yltöinen","2020","2","1","02:00","104.3","0.9"
"Kaarina Yltöinen","2020","3","1","02:00","55.9","1.8"
"Kaarina Yltöinen","2020","4","1","03:00","30.1","4.5"
"Kaarina Yltöinen","2020","5","1","03:00","48.8","8.6"
"Kaarina Yltöinen","2020","6","1","03:00","61.8","17.8"
"Kaarina Yltöinen","2020","7","1","03:00","94.4","15.7"
"Kaarina Yltöinen","2020","8","1","03:00","19.4","16.5"
"Kaarina Yltöinen","2020","9","1","03:00","41.4","13.1"
"Kaarina Yltöinen","2020","10","1","03:00","73.7","8.6"
"Kaarina Yltöinen","2020","11","1","02:00","89.9","5.2"
"Kaarina Yltöinen","2020","12","1","02:00","59.6","1.9"
"Kaarina Yltöinen","2021","1","1","02:00","62.4","-4.1"
"Kaarina Yltöinen","2021","2","1","02:00","10.6","-6.9"
"Kaarina Yltöinen","2021","3","1","02:00","24.8","-0.1"
"Kaarina Yltöinen","2021","4","1","03:00","36.3","4.2"
"Kaarina Yltöinen","2021","5","1","03:00","77.2","9.9"
"Kaarina Yltöinen","2021","6","1","03:00","26.1","18.3"
"Kaarina Yltöinen","2021","7","1","03:00","59.4","20.5"
"Kaarina Yltöinen","2021","8","1","03:00","132.4","15.4"
"Kaarina Yltöinen","2021","9","1","03:00","47","9.9"
"Kaarina Yltöinen","2021","10","1","03:00","88.1","8.3"
"Kaarina Yltöinen","2021","11","1","02:00","45.3","1.8"
"Kaarina Yltöinen","2021","12","1","02:00","27.3","-5.8"
"Kaarina Yltöinen","2022","1","1","02:00","68.6","-2.6"
"Kaarina Yltöinen","2022","2","1","02:00","73.6","-2.2"
"Kaarina Yltöinen","2022","3","1","02:00","4.8","0.1"
"Kaarina Yltöinen","2022","4","1","03:00","44.3","3.1"
"Kaarina Yltöinen","2022","5","1","03:00","28.6","9.3"
"Kaarina Yltöinen","2022","6","1","03:00","21","16.9"
"Kaarina Yltöinen","2022","7","1","03:00","59.3","17.4"
"Kaarina Yltöinen","2022","8","1","03:00","85.6","18.1"
"Kaarina Yltöinen","2022","9","1","03:00","44.4","9.5"
"Kaarina Yltöinen","2022","10","1","03:00","56.3","8.3"
"Kaarina Yltöinen","2022","11","1","02:00","33.7","3.1"
"Kaarina Yltöinen","2022","12","1","02:00","45.8","-3.2"
"Kaarina Yltöinen","2023","1","1","02:00","80.6","-1.1"
"Kaarina Yltöinen","2023","2","1","02:00","34.8","-1.7"
"Kaarina Yltöinen","2023","3","1","02:00","72.7","-2.1"
"Kaarina Yltöinen","2023","4","1","03:00","10.1","4.8"
"Kaarina Yltöinen","2023","5","1","03:00","20.6","9.7"
"Kaarina Yltöinen","2023","6","1","03:00","21.8","16.3"
"Kaarina Yltöinen","2023","7","1","03:00","54.6","16.5"
"Kaarina Yltöinen","2023","8","1","03:00","130.5","17.1"
"Kaarina Yltöinen","2023","9","1","03:00","40.1","15"
"Kaarina Yltöinen","2023","10","1","03:00","92","4.7"
"Kaarina Yltöinen","2023","11","1","02:00","81.6","0"
"Kaarina Yltöinen","2023","12","1","02:00","31","-4.5"
"Kaarina Yltöinen","2024","1","1","02:00","52.8","-7.8"
"Kaarina Yltöinen","2024","2","1","02:00","56.8","-2.7"
"Kaarina Yltöinen","2024","3","1","02:00","28.6","0.4"
"Kaarina Yltöinen","2024","4","1","03:00","47.1","3.3"
"Kaarina Yltöinen","2024","5","1","03:00","16.8","13.6"
"Kaarina Yltöinen","2024","6","1","03:00","75.5","16.4"
"Kaarina Yltöinen","2024","7","1","03:00","60.2","18.5"
"Kaarina Yltöinen","2024","8","1","03:00","85.3","17.3"
"Kaarina Yltöinen","2024","9","1","03:00","86.4","13.7"
"Kaarina Yltöinen","2024","10","1","03:00","64.6","8"
"Kaarina Yltöinen","2024","11","1","02:00","64.6","3.4"
"Kaarina Yltöinen","2024","12","1","02:00","69","0.6"
"Kaarina Yltöinen","2025","1","1","02:00","40.3","-0.5"
"Kaarina Yltöinen","2025","2","1","02:00","16.7","-2.2"
"Kaarina Yltöinen","2025","3","1","02:00","10.8","2.5"
"Kaarina Yltöinen","2025","4","1","03:00","58.5","5.6"
"Kaarina Yltöinen","2025","5","1","03:00","37.4","9"
"Kaarina Yltöinen","2025","6","1","03:00","67.4","13.9"
"Kaarina Yltöinen","2025","7","1","03:00","64.7","19.7"
"Kaarina Yltöinen","2025","8","1","03:00","59.1","15.3"
"Kaarina Yltöinen","2025","9","1","03:00","99.8","13.9"
"Kaarina Yltöinen","2025","10","1","03:00","79.2","7.1"
"Kaarina Yltöinen","2025","11","1","02:00","70.6","4.1"
"Kaarina Yltöinen","2025","12","1","02:00","65.9","2.5"
"Havaintoasema","Vuosi","Kuukausi","Päivä","Aika [Paikallinen aika]","Kuukauden sadesumma [mm]","Kuukauden keskilämpötila [°C]"
"Oulu Linnanmaa","1991","2","1","02:00","16.7","-12.1"
"Oulu Linnanmaa","1991","3","1","02:00","41.8","-5.8"
"Oulu Linnanmaa","1991","4","1","03:00","13.6","2.2"
"Oulu Linnanmaa","1991","5","1","03:00","49.2","5.3"
"Oulu Linnanmaa","1991","6","1","03:00","59.1","12.2"
"Oulu Linnanmaa","1991","7","1","03:00","21.3","15.6"
"Oulu Linnanmaa","1991","8","1","03:00","55.5","15.1"
"Oulu Linnanmaa","1991","9","1","03:00","70.5","7.3"
"Oulu Linnanmaa","1991","10","1","02:00","59.1","3.9"
"Oulu Linnanmaa","1991","11","1","02:00","67.5","0.8"
"Oulu Linnanmaa","1991","12","1","02:00","40","-4.3"
"Oulu Linnanmaa","1992","1","1","02:00","34.9","-6.1"
"Oulu Linnanmaa","1992","2","1","02:00","26","-4.9"
"Oulu Linnanmaa","1992","3","1","02:00","45.2","-0.8"
"Oulu Linnanmaa","1992","4","1","03:00","12.2","-1.5"
"Oulu Linnanmaa","1992","5","1","03:00","39.2","8.8"
"Oulu Linnanmaa","1992","6","1","03:00","51.6","14.6"
"Oulu Linnanmaa","1992","7","1","03:00","116.9","13.8"
"Oulu Linnanmaa","1992","8","1","03:00","135.9","12.1"
"Oulu Linnanmaa","1992","9","1","03:00","85.7","10.7"
"Oulu Linnanmaa","1992","10","1","02:00","31.2","-4.7"
"Oulu Linnanmaa","1992","11","1","02:00","82.6","-6.6"
"Oulu Linnanmaa","1992","12","1","02:00","56.5","-1"
"Oulu Linnanmaa","1993","1","1","02:00","48.2","-5.7"
"Oulu Linnanmaa","1993","2","1","02:00","16.7","-6.2"
"Oulu Linnanmaa","1993","3","1","02:00","43.9","-3.6"
"Oulu Linnanmaa","1993","4","1","03:00","32.5","0"
"Oulu Linnanmaa","1993","5","1","03:00","9.3","9.4"
"Oulu Linnanmaa","1993","6","1","03:00","50","10.5"
"Oulu Linnanmaa","1993","7","1","03:00","52","15.9"
"Oulu Linnanmaa","1993","8","1","03:00","60.2","12.7"
"Oulu Linnanmaa","1993","9","1","03:00","28.6","4.4"
"Oulu Linnanmaa","1993","10","1","02:00","55.8","0.5"
"Oulu Linnanmaa","1993","11","1","02:00","12.7","-3.5"
"Oulu Linnanmaa","1993","12","1","02:00","84","-7.3"
"Oulu Linnanmaa","1994","1","1","02:00","43.6","-11.3"
"Oulu Linnanmaa","1994","2","1","02:00","6","-15"
"Oulu Linnanmaa","1994","3","1","02:00","28.6","-5.3"
"Oulu Linnanmaa","1994","4","1","03:00","28.9","3.2"
"Oulu Linnanmaa","1994","5","1","03:00","26.8","5.5"
"Oulu Linnanmaa","1994","6","1","03:00","60.9","13"
"Oulu Linnanmaa","1994","7","1","03:00","11.3","16.8"
"Oulu Linnanmaa","1994","8","1","03:00","21.8","14.6"
"Oulu Linnanmaa","1994","9","1","03:00","61.6","8.3"
"Oulu Linnanmaa","1994","10","1","02:00","61.5","2.4"
"Oulu Linnanmaa","1994","11","1","02:00","58.3","-3.8"
"Oulu Linnanmaa","1994","12","1","02:00","48.4","-2.8"
"Oulu Linnanmaa","1995","1","1","02:00","45.1","-6.1"
"Oulu Linnanmaa","1995","2","1","02:00","65.1","-4.7"
"Oulu Linnanmaa","1995","3","1","02:00","34.2","-1.1"
"Oulu Linnanmaa","1995","4","1","03:00","23.7","0.7"
"Oulu Linnanmaa","1995","5","1","03:00","40.2","6.6"
"Oulu Linnanmaa","1995","6","1","03:00","68.1","15.6"
"Oulu Linnanmaa","1995","7","1","03:00","66.2","14.2"
"Oulu Linnanmaa","1995","8","1","03:00","56.4","13.7"
"Oulu Linnanmaa","1995","9","1","03:00","44.5","9"
"Oulu Linnanmaa","1995","10","1","02:00","91.4","4.7"
"Oulu Linnanmaa","1995","11","1","02:00","46.9","-7.7"
"Oulu Linnanmaa","1995","12","1","02:00","14.7","-12"
"Oulu Linnanmaa","1996","1","1","02:00","16.6","-5.7"
"Oulu Linnanmaa","1996","2","1","02:00","35.9","-13.2"
"Oulu Linnanmaa","1996","3","1","02:00","10.2","-5.4"
"Oulu Linnanmaa","1996","4","1","03:00","31.3","0.1"
"Oulu Linnanmaa","1996","5","1","03:00","30.6","5.7"
"Oulu Linnanmaa","1996","6","1","03:00","42.5","12.4"
"Oulu Linnanmaa","1996","7","1","03:00","52.6","14.7"
"Oulu Linnanmaa","1996","8","1","03:00","13.1","16.3"
"Oulu Linnanmaa","1996","9","1","03:00","6.4","7.6"
"Havaintoasema","Vuosi","Kuukausi","Päivä","Aika [Paikallinen aika]","Kuukauden sadesumma [mm]","Kuukauden keskilämpötila [°C]"
"Juva Partala","1992","11","1","02:00","-","-5.2"
"Juva Partala","1992","12","1","02:00","-","-1.5"
"Juva Partala","1993","1","1","02:00","-","-5"
"Juva Partala","1993","2","1","02:00","-","-5.4"
"Juva Partala","1993","3","1","02:00","-","-2.3"
"Juva Partala","1993","4","1","03:00","-","1.6"
"Juva Partala","1993","5","1","03:00","-","11.8"
"Juva Partala","1993","6","1","03:00","-","10.4"
"Juva Partala","1993","7","1","03:00","-","15"
"Juva Partala","1993","8","1","03:00","-","12.5"
"Juva Partala","1993","9","1","03:00","-","4.5"
"Juva Partala","1993","10","1","02:00","-","1.6"
"Juva Partala","1993","11","1","02:00","-","-5.9"
"Juva Partala","1993","12","1","02:00","-","-6.2"
"Juva Partala","1994","1","1","02:00","-","-7.7"
"Juva Partala","1994","2","1","02:00","-","-16.9"
"Juva Partala","1994","3","1","02:00","-","-4.6"
"Juva Partala","1994","4","1","03:00","-","3.8"
"Juva Partala","1994","5","1","03:00","-","7"
"Juva Partala","1994","6","1","03:00","-","13"
"Juva Partala","1994","7","1","03:00","-","18.1"
"Juva Partala","1994","8","1","03:00","-","14.2"
"Juva Partala","1994","9","1","03:00","-","9.7"
"Juva Partala","1994","10","1","02:00","-","3.4"
"Juva Partala","1994","11","1","02:00","-","-2.9"
"Juva Partala","1994","12","1","02:00","-","-3.4"
"Juva Partala","1995","1","1","02:00","-","-5.5"
"Juva Partala","1995","2","1","02:00","-","-2.7"
"Juva Partala","1995","3","1","02:00","-","-1.1"
"Juva Partala","1995","4","1","03:00","-","1.8"
"Juva Partala","1995","5","1","03:00","-","8.7"
"Juva Partala","1995","6","1","03:00","-","16.7"
"Juva Partala","1995","7","1","03:00","-","14.7"
"Juva Partala","1995","8","1","03:00","-","14.6"
"Juva Partala","1995","9","1","03:00","-","9.3"
"Juva Partala","1995","10","1","02:00","-","6.7"
"Juva Partala","1995","11","1","02:00","-","-4.4"
"Juva Partala","1995","12","1","02:00","-","-11.8"
"Juva Partala","1996","1","1","02:00","-","-8.3"
"Juva Partala","1996","2","1","02:00","-","-13.4"
"Juva Partala","1996","3","1","02:00","-","-4.7"
"Juva Partala","1996","4","1","03:00","-","1.5"
"Juva Partala","1996","5","1","03:00","-","7.9"
"Juva Partala","1996","6","1","03:00","-","13.2"
"Juva Partala","1996","7","1","03:00","-","13.9"
"Juva Partala","1996","8","1","03:00","-","16.3"
"Juva Partala","1996","9","1","03:00","-","7.5"
"Juva Partala","1996","10","1","03:00","-","5.1"
"Juva Partala","1996","11","1","02:00","-","2.1"
"Juva Partala","1996","12","1","02:00","-","-8.5"
"Juva Partala","1997","1","1","02:00","-","-8.4"
"Juva Partala","1997","2","1","02:00","-","-6.3"
"Juva Partala","1997","3","1","02:00","-","-3"
"Juva Partala","1997","4","1","03:00","-","-0.1"
"Juva Partala","1997","5","1","03:00","-","6.9"
"Juva Partala","1997","6","1","03:00","-","15.5"
"Juva Partala","1997","7","1","03:00","-","17.6"
"Juva Partala","1997","8","1","03:00","-","16.6"
"Juva Partala","1997","9","1","03:00","-","9.2"
"Juva Partala","1997","10","1","03:00","-","1.3"
"Juva Partala","1997","11","1","02:00","-","-2.2"
"Juva Partala","1997","12","1","02:00","-","-6.6"
"Juva Partala","1998","1","1","02:00","-","-4.3"
"Juva Partala","1998","2","1","02:00","-","-10.1"
"Juva Partala","1998","3","1","02:00","-","-7.6"
"Juva Partala","1998","4","1","03:00","-","0.1"
"Juva Partala","1998","5","1","03:00","-","8.6"
"Juva Partala","1998","6","1","03:00","-","13.9"
"Juva Partala","1998","7","1","03:00","-","16.2"
"Juva Partala","1998","8","1","03:00","-","12.8"
"Juva Partala","1998","9","1","03:00","-","10.1"
"Juva Partala","1998","10","1","03:00","-","4.4"
"Juva Partala","1998","11","1","02:00","-","-4.3"
"Juva Partala","1998","12","1","02:00","-","-5.4"
"Juva Partala","1999","1","1","02:00","-","-10.2"
"Juva Partala","1999","2","1","02:00","-","-10.6"
"Juva Partala","1999","3","1","02:00","-","-3.2"
"Juva Partala","1999","4","1","03:00","-","4.4"
"Juva Partala","1999","5","1","03:00","-","6.2"
"Juva Partala","1999","6","1","03:00","-","18.1"
"Juva Partala","1999","7","1","03:00","-","17.4"
"Juva Partala","1999","8","1","03:00","-","13.2"
"Juva Partala","1999","9","1","03:00","-","10.1"
"Juva Partala","1999","10","1","03:00","-","5.4"
"Juva Partala","1999","11","1","02:00","-","-0.5"
"Juva Partala","1999","12","1","02:00","-","-4.6"
"Juva Partala","2000","1","1","02:00","-","-6"
"Juva Partala","2000","2","1","02:00","-","-5"
"Juva Partala","2000","3","1","02:00","-","-2.5"
"Juva Partala","2000","4","1","03:00","-","4.4"
"Juva Partala","2000","5","1","03:00","-","9.6"
"Juva Partala","2000","6","1","03:00","-","14.1"
"Juva Partala","2000","7","1","03:00","-","16.5"
"Juva Partala","2000","8","1","03:00","-","14.3"
"Juva Partala","2000","9","1","03:00","-","8.4"
"Juva Partala","2000","10","1","03:00","-","7.4"
"Juva Partala","2000","11","1","02:00","-","1.8"
"Juva Partala","2000","12","1","02:00","-","-1.6"
"Juva Partala","2001","1","1","02:00","-","-4.3"
"Juva Partala","2001","2","1","02:00","-","-9.8"
"Juva Partala","2001","3","1","02:00","-","-6.2"
"Juva Partala","2001","4","1","03:00","-","5.4"
"Juva Partala","2001","5","1","03:00","-","8.1"
"Juva Partala","2001","6","1","03:00","-","13.9"
"Juva Partala","2001","7","1","03:00","-","19.4"
"Juva Partala","2001","8","1","03:00","-","14.5"
"Juva Partala","2001","9","1","03:00","-","10.6"
"Juva Partala","2001","10","1","03:00","-","5.7"
"Juva Partala","2001","11","1","02:00","-","-3"
"Juva Partala","2001","12","1","02:00","-","-11.2"
"Juva Partala","2002","1","1","02:00","-","-6.9"
"Juva Partala","2002","2","1","02:00","-","-2.9"
"Juva Partala","2002","3","1","02:00","-","-1.6"
"Juva Partala","2002","4","1","03:00","-","3.5"
"Juva Partala","2002","5","1","03:00","-","10.7"
"Juva Partala","2002","6","1","03:00","-","15.5"
"Juva Partala","2002","7","1","03:00","-","18.5"
"Juva Partala","2002","8","1","03:00","-","16.7"
"Juva Partala","2002","9","1","03:00","-","8.7"
"Juva Partala","2002","10","1","03:00","-","-0.7"
"Juva Partala","2002","11","1","02:00","-","-5.9"
"Juva Partala","2002","12","1","02:00","-","-12.3"
"Juva Partala","2003","1","1","02:00","-","-13.9"
"Juva Partala","2003","2","1","02:00","-","-6.9"
"Juva Partala","2003","3","1","02:00","-","-2.2"
"Juva Partala","2003","4","1","03:00","-","0.7"
"Juva Partala","2003","5","1","03:00","-","10.7"
"Juva Partala","2003","6","1","03:00","-","11.6"
"Juva Partala","2003","7","1","03:00","-","19.7"
"Juva Partala","2003","8","1","03:00","-","14.6"
"Juva Partala","2003","9","1","03:00","-","10"
"Juva Partala","2003","10","1","03:00","-","2.7"
"Juva Partala","2003","11","1","02:00","-","0.8"
"Juva Partala","2003","12","1","02:00","-","-3.5"
"Juva Partala","2004","1","1","02:00","-","-10.4"
"Juva Partala","2004","2","1","02:00","-","-7.6"
"Juva Partala","2004","3","1","02:00","-","-2.8"
"Juva Partala","2004","4","1","03:00","-","2.7"
"Juva Partala","2004","5","1","03:00","-","8.8"
"Juva Partala","2004","6","1","03:00","-","12.6"
"Juva Partala","2004","7","1","03:00","-","16.1"
"Juva Partala","2004","8","1","03:00","-","15"
"Juva Partala","2004","9","1","03:00","-","11.2"
"Juva Partala","2004","10","1","03:00","-","3.9"
"Juva Partala","2004","11","1","02:00","-","-2.2"
"Juva Partala","2004","12","1","02:00","-","-3.1"
"Juva Partala","2005","1","1","02:00","-","-3.5"
"Juva Partala","2005","2","1","02:00","-","-8.1"
"Juva Partala","2005","3","1","02:00","-","-8.2"
"Juva Partala","2005","4","1","03:00","-","2.8"
"Juva Partala","2005","5","1","03:00","-","9.1"
"Juva Partala","2005","6","1","03:00","-","13.9"
"Juva Partala","2005","7","1","03:00","-","17.7"
"Juva Partala","2005","8","1","03:00","-","15.6"
"Juva Partala","2005","9","1","03:00","-","10.9"
"Juva Partala","2005","10","1","03:00","-","5.7"
"Juva Partala","2005","11","1","02:00","-","3.1"
"Juva Partala","2005","12","1","02:00","-","-5.7"
"Juva Partala","2006","1","1","02:00","-","-7.6"
"Juva Partala","2006","2","1","02:00","-","-12.8"
"Juva Partala","2006","3","1","02:00","-","-9.6"
"Juva Partala","2006","4","1","03:00","-","2.9"
"Juva Partala","2006","5","1","03:00","-","9.7"
"Juva Partala","2006","6","1","03:00","-","15.5"
"Juva Partala","2006","7","1","03:00","-","16.9"
"Juva Partala","2006","8","1","03:00","-","16.6"
"Juva Partala","2006","9","1","03:00","-","11.6"
"Juva Partala","2006","10","1","03:00","-","5.5"
"Juva Partala","2006","11","1","02:00","-","-"
"Juva Partala","2006","12","1","02:00","-","1.2"
"Juva Partala","2007","1","1","02:00","-","-6.1"
"Juva Partala","2007","2","1","02:00","-","-14.8"
"Juva Partala","2007","3","1","02:00","-","1.5"
"Juva Partala","2007","4","1","03:00","-","3.8"
"Juva Partala","2007","5","1","03:00","-","-"
"Juva Partala","2007","6","1","03:00","-","-"
"Juva Partala","2007","7","1","03:00","-","16.6"
"Juva Partala","2007","8","1","03:00","-","16.2"
"Juva Partala","2007","9","1","03:00","-","9"
"Juva Partala","2007","10","1","03:00","-","5.2"
"Juva Partala","2007","11","1","02:00","-","-1.9"
"Juva Partala","2007","12","1","02:00","-","-0.2"
"Juva Partala","2008","1","1","02:00","-","-3.2"
"Juva Partala","2008","2","1","02:00","-","-2.6"
"Juva Partala","2008","3","1","02:00","-","-3.5"
"Juva Partala","2008","4","1","03:00","-","4.3"
"Juva Partala","2008","5","1","03:00","-","8.4"
"Juva Partala","2008","6","1","03:00","-","13.2"
"Juva Partala","2008","7","1","03:00","-","15.3"
"Juva Partala","2008","8","1","03:00","-","13"
"Juva Partala","2008","9","1","03:00","-","7.6"
"Juva Partala","2008","10","1","03:00","-","6.3"
"Juva Partala","2008","11","1","02:00","-","-"
"Juva Partala","2008","12","1","02:00","-","-1.8"
"Juva Partala","2009","1","1","02:00","-","-7.4"
"Juva Partala","2009","2","1","02:00","-","-7.7"
"Juva Partala","2009","3","1","02:00","-","-3.3"
"Juva Partala","2009","4","1","03:00","-","2.2"
"Juva Partala","2009","5","1","03:00","-","10.9"
"Juva Partala","2009","6","1","03:00","-","12.8"
"Juva Partala","2009","7","1","03:00","-","16.1"
"Juva Partala","2009","8","1","03:00","-","14.5"
"Juva Partala","2009","9","1","03:00","-","11.1"
"Juva Partala","2009","10","1","03:00","-","1.1"
"Juva Partala","2009","11","1","02:00","-","0.4"
"Juva Partala","2009","12","1","02:00","-","-9.2"
"Juva Partala","2010","1","1","02:00","-","-16.5"
"Juva Partala","2010","2","1","02:00","-","-12"
"Juva Partala","2010","3","1","02:00","-","-4.6"
"Juva Partala","2010","4","1","03:00","-","3.9"
"Juva Partala","2010","5","1","03:00","-","11.1"
"Juva Partala","2010","6","1","03:00","-","13.4"
"Juva Partala","2010","7","1","03:00","-","-"
"Juva Partala","2010","8","1","03:00","-","-"
"Juva Partala","2010","9","1","03:00","-","9.8"
"Juva Partala","2010","10","1","03:00","-","3.4"
"Juva Partala","2010","11","1","02:00","-","-4.1"
"Juva Partala","2010","12","1","02:00","-","-14.2"
"Juva Partala","2011","1","1","02:00","-","-8.7"
"Juva Partala","2011","2","1","02:00","-","-"
"Juva Partala","2011","3","1","02:00","-","-"
"Juva Partala","2011","4","1","03:00","-","-"
"Juva Partala","2011","5","1","03:00","-","-"
"Juva Partala","2011","6","1","03:00","-","-"
"Juva Partala","2011","7","1","03:00","-","-"
"Juva Partala","2011","8","1","03:00","-","15.2"
"Juva Partala","2011","9","1","03:00","-","11.1"
"Juva Partala","2011","10","1","03:00","-","5.8"
"Juva Partala","2011","11","1","02:00","-","1.9"
"Juva Partala","2011","12","1","02:00","-","0.5"
"Juva Partala","2012","1","1","02:00","-","-8.6"
"Juva Partala","2012","2","1","02:00","-","-12.2"
"Juva Partala","2012","3","1","02:00","-","-2.1"
"Juva Partala","2012","4","1","03:00","-","1.8"
"Juva Partala","2012","5","1","03:00","-","10.3"
"Juva Partala","2012","6","1","03:00","-","13.4"
"Juva Partala","2012","7","1","03:00","-","17.3"
"Juva Partala","2012","8","1","03:00","-","13.9"
"Juva Partala","2012","9","1","03:00","-","10.4"
"Juva Partala","2012","10","1","03:00","-","4.2"
"Juva Partala","2012","11","1","02:00","-","1.1"
"Juva Partala","2012","12","1","02:00","-","-11.5"
"Juva Partala","2013","1","1","02:00","-","-7.7"
"Juva Partala","2013","2","1","02:00","-","-3.8"
"Juva Partala","2013","3","1","02:00","-","-9.2"
"Juva Partala","2013","4","1","03:00","-","2.2"
"Juva Partala","2013","5","1","03:00","-","12.6"
"Juva Partala","2013","6","1","03:00","-","17.8"
"Juva Partala","2013","7","1","03:00","-","16.3"
"Juva Partala","2013","8","1","03:00","-","15.8"
"Juva Partala","2013","9","1","03:00","-","10.6"
"Juva Partala","2013","10","1","03:00","-","5.1"
"Juva Partala","2013","11","1","02:00","-","1.7"
"Juva Partala","2013","12","1","02:00","-","-0.8"
"Juva Partala","2014","1","1","02:00","-","-10.3"
"Juva Partala","2014","2","1","02:00","-","-1.3"
"Juva Partala","2014","3","1","02:00","-","0.8"
"Juva Partala","2014","4","1","03:00","-","3.9"
"Juva Partala","2014","5","1","03:00","-","9.9"
"Juva Partala","2014","6","1","03:00","-","12.9"
"Juva Partala","2014","7","1","03:00","-","18.9"
"Juva Partala","2014","8","1","03:00","-","16.1"
"Juva Partala","2014","9","1","03:00","-","10.7"
"Juva Partala","2014","10","1","03:00","-","3.1"
"Juva Partala","2014","11","1","02:00","-","0.3"
"Juva Partala","2014","12","1","02:00","-","-3.1"
"Juva Partala","2015","1","1","02:00","-","-6.3"
"Juva Partala","2015","2","1","02:00","-","-2"
"Juva Partala","2015","3","1","02:00","-","0.1"
"Juva Partala","2015","4","1","03:00","-","3.7"
"Juva Partala","2015","5","1","03:00","-","9.2"
"Juva Partala","2015","6","1","03:00","-","13.3"
"Juva Partala","2015","7","1","03:00","-","14.8"
"Juva Partala","2015","8","1","03:00","-","15.7"
"Juva Partala","2015","9","1","03:00","-","11.6"
"Juva Partala","2015","10","1","03:00","-","4.3"
"Juva Partala","2015","11","1","02:00","-","2.6"
"Juva Partala","2015","12","1","02:00","-","0.2"
"Juva Partala","2016","1","1","02:00","-","-15.5"
"Juva Partala","2016","2","1","02:00","-","-2.3"
"Juva Partala","2016","3","1","02:00","-","-1.3"
"Juva Partala","2016","4","1","03:00","-","4.2"
"Juva Partala","2016","5","1","03:00","-","12.8"
"Juva Partala","2016","6","1","03:00","-","14.7"
"Juva Partala","2016","7","1","03:00","-","17.2"
"Juva Partala","2016","8","1","03:00","-","15"
"Juva Partala","2016","9","1","03:00","-","10.6"
"Juva Partala","2016","10","1","03:00","-","3.1"
"Juva Partala","2016","11","1","02:00","-","-2.8"
"Juva Partala","2016","12","1","02:00","-","-3"
"Juva Partala","2017","1","1","02:00","-","-5.1"
"Juva Partala","2017","2","1","02:00","-","-6.1"
"Juva Partala","2017","3","1","02:00","-","-0.6"
"Juva Partala","2017","4","1","03:00","-","0.6"
"Juva Partala","2017","5","1","03:00","-","7.3"
"Juva Partala","2017","6","1","03:00","-","12.4"
"Juva Partala","2017","7","1","03:00","-","14.9"
"Juva Partala","2017","8","1","03:00","-","14.8"
"Juva Partala","2017","9","1","03:00","-","9.4"
"Juva Partala","2017","10","1","03:00","-","3.6"
"Juva Partala","2017","11","1","02:00","-","0.5"
"Juva Partala","2017","12","1","02:00","-","-1.3"
"Juva Partala","2018","1","1","02:00","-","-5.1"
"Juva Partala","2018","2","1","02:00","-","-11.5"
"Juva Partala","2018","3","1","02:00","-","-8"
"Juva Partala","2018","4","1","03:00","-","3.3"
"Juva Partala","2018","5","1","03:00","-","13.8"
"Juva Partala","2018","6","1","03:00","-","14.4"
"Juva Partala","2018","7","1","03:00","-","19.5"
"Juva Partala","2018","8","1","03:00","-","17.2"
"Juva Partala","2018","9","1","03:00","-","11.6"
"Juva Partala","2018","10","1","03:00","-","4.8"
"Juva Partala","2018","11","1","02:00","-","1.4"
"Juva Partala","2018","12","1","02:00","-","-5"
"Juva Partala","2019","1","1","02:00","-","-10"
"Juva Partala","2019","2","1","02:00","-","-2.9"
"Juva Partala","2019","3","1","02:00","-","-1.8"
"Juva Partala","2019","4","1","03:00","-","4.4"
"Juva Partala","2019","5","1","03:00","-","9.3"
"Juva Partala","2019","6","1","03:00","-","16.6"
"Juva Partala","2019","7","1","03:00","-","15.1"
"Juva Partala","2019","8","1","03:00","-","14.6"
"Juva Partala","2019","9","1","03:00","-","9.5"
"Juva Partala","2019","10","1","03:00","-","2.9"
"Juva Partala","2019","11","1","02:00","-","-0.5"
"Juva Partala","2019","12","1","02:00","-","-0.9"
"Juva Partala","2020","1","1","02:00","-","-0.6"
"Juva Partala","2020","2","1","02:00","-","-2"
"Juva Partala","2020","3","1","02:00","-","0"
"Juva Partala","2020","4","1","03:00","-","2"
"Juva Partala","2020","5","1","03:00","-","8.1"
"Juva Partala","2020","6","1","03:00","-","17.1"
"Juva Partala","2020","7","1","03:00","-","15.5"
"Juva Partala","2020","8","1","03:00","-","14.9"
"Juva Partala","2020","9","1","03:00","-","11.2"
"Juva Partala","2020","10","1","03:00","-","6.5"
"Juva Partala","2020","11","1","02:00","-","2.5"
"Juva Partala","2020","12","1","02:00","-","-1.5"
"Juva Partala","2021","1","1","02:00","-","-6.7"
"Juva Partala","2021","2","1","02:00","-","-10.8"
"Juva Partala","2021","3","1","02:00","-","-3.1"
"Juva Partala","2021","4","1","03:00","-","3.1"
"Juva Partala","2021","5","1","03:00","-","9.6"
"Juva Partala","2021","6","1","03:00","-","19"
"Juva Partala","2021","7","1","03:00","-","19.8"
"Juva Partala","2021","8","1","03:00","-","14.5"
"Juva Partala","2021","9","1","03:00","-","7.5"
"Juva Partala","2021","10","1","03:00","-","6.6"
"Juva Partala","2021","11","1","02:00","-","-0.2"
"Juva Partala","2021","12","1","02:00","-","-10"
"Juva Partala","2022","1","1","02:00","-","-6.4"
"Juva Partala","2022","2","1","02:00","-","-4.3"
"Juva Partala","2022","3","1","02:00","-","-1.7"
"Juva Partala","2022","4","1","03:00","-","1.7"
"Juva Partala","2022","5","1","03:00","-","8.9"
"Juva Partala","2022","6","1","03:00","-","15.8"
"Juva Partala","2022","7","1","03:00","-","17.6"
"Juva Partala","2022","8","1","03:00","-","17.6"
"Juva Partala","2022","9","1","03:00","-","8.3"
"Juva Partala","2022","10","1","03:00","-","5.8"
"Juva Partala","2022","11","1","02:00","-","0.2"
"Juva Partala","2022","12","1","02:00","-","-4.9"
"Juva Partala","2023","1","1","02:00","-","-3.7"
"Juva Partala","2023","2","1","02:00","-","-5.2"
"Juva Partala","2023","3","1","02:00","-","-3.9"
"Juva Partala","2023","4","1","03:00","-","3.3"
"Juva Partala","2023","5","1","03:00","-","10.5"
"Juva Partala","2023","6","1","03:00","-","15.6"
"Juva Partala","2023","7","1","03:00","-","16.1"
"Juva Partala","2023","8","1","03:00","-","16.8"
"Juva Partala","2023","9","1","03:00","-","13.8"
"Juva Partala","2023","10","1","03:00","-","2"
"Juva Partala","2023","11","1","02:00","-","-3.2"
"Juva Partala","2023","12","1","02:00","-","-8.2"
"Juva Partala","2024","1","1","02:00","-","-11.9"
"Juva Partala","2024","2","1","02:00","-","-7.1"
"Juva Partala","2024","3","1","02:00","-","-0.5"
"Juva Partala","2024","4","1","03:00","-","1.6"
"Juva Partala","2024","5","1","03:00","-","12.6"
"Juva Partala","2024","6","1","03:00","-","17.2"
"Juva Partala","2024","7","1","03:00","-","18.5"
"Juva Partala","2024","8","1","03:00","-","16.5"
"Juva Partala","2024","9","1","03:00","-","13.8"
"Juva Partala","2024","10","1","03:00","-","5.9"
"Juva Partala","2024","11","1","02:00","-","0.8"
"Juva Partala","2024","12","1","02:00","-","-3.9"
"Juva Partala","2025","1","1","02:00","-","-4.3"
"Juva Partala","2025","2","1","02:00","-","-4.8"
"Juva Partala","2025","3","1","02:00","-","0.1"
"Juva Partala","2025","4","1","03:00","-","4"
"Juva Partala","2025","5","1","03:00","-","8.6"
"Juva Partala","2025","6","1","03:00","-","14.1"
"Juva Partala","2025","7","1","03:00","-","19.6"
"Juva Partala","2025","8","1","03:00","-","14.8"
"Juva Partala","2025","9","1","03:00","-","12.6"
"Juva Partala","2025","10","1","03:00","-","5.8"
"Juva Partala","2025","11","1","02:00","-","1.7"
"Juva Partala","2025","12","1","02:00","-","-1.1"